Pays bÃ©nÃ©ficiaire,AnnÃ©e,Produit,Valeur
Afghanistan,2013,Autres non-cÃ©rÃ©ales,682
Afghanistan,2014,Autres non-cÃ©rÃ©ales,335
Afghanistan,2013,BlÃ© et Farin,39224
Afghanistan,2014,BlÃ© et Farin,15160
Afghanistan,2013,CÃ©rÃ©ales,40504
Afghanistan,2014,CÃ©rÃ©ales,15989
"Afghanistan,2013,""Fruits secs, total"",85"
Afghanistan,2013,Huiles vÃ©gÃ©tales,11087
Afghanistan,2014,Huiles vÃ©gÃ©tales,8185
"Afghanistan,2013,""LÃ©gumineuses SÃ¨ches,Tot."",11761"
"Afghanistan,2014,""LÃ©gumineuses SÃ¨ches,Tot."",4010"
Afghanistan,2013,Non-cÃ©rÃ©ales,23615
Afghanistan,2014,Non-cÃ©rÃ©ales,12618
"Afghanistan,2013,""Riz, total"",1280"
"Afghanistan,2014,""Riz, total"",829"
"Afghanistan,2014,""Sucre, total"",88"
AlgÃ©rie,2013,Autres non-cÃ©rÃ©ales,252
AlgÃ©rie,2014,Autres non-cÃ©rÃ©ales,205
AlgÃ©rie,2015,Autres non-cÃ©rÃ©ales,4
AlgÃ©rie,2013,CÃ©rÃ©ales,10030
AlgÃ©rie,2014,CÃ©rÃ©ales,4933
AlgÃ©rie,2015,CÃ©rÃ©ales,3512
AlgÃ©rie,2016,CÃ©rÃ©ales,3766
AlgÃ©rie,2013,CÃ©rÃ©ales Secondaires,2862
AlgÃ©rie,2014,CÃ©rÃ©ales Secondaires,2280
AlgÃ©rie,2015,CÃ©rÃ©ales Secondaires,1311
AlgÃ©rie,2016,CÃ©rÃ©ales Secondaires,1178
"AlgÃ©rie,2013,""Fruits secs, total"",204"
"AlgÃ©rie,2015,""Fruits secs, total"",252"
"AlgÃ©rie,2016,""Fruits secs, total"",252"
AlgÃ©rie,2013,Huiles vÃ©gÃ©tales,1030
AlgÃ©rie,2014,Huiles vÃ©gÃ©tales,1050
"AlgÃ©rie,2013,""Lait, total"",350"
"AlgÃ©rie,2014,""Lait, total"",582"
"AlgÃ©rie,2015,""Lait, total"",500"
"AlgÃ©rie,2013,""LÃ©gumineuses SÃ¨ches,Tot."",4111"
"AlgÃ©rie,2014,""LÃ©gumineuses SÃ¨ches,Tot."",2240"
"AlgÃ©rie,2015,""LÃ©gumineuses SÃ¨ches,Tot."",3026"
"AlgÃ©rie,2016,""LÃ©gumineuses SÃ¨ches,Tot."",360"
AlgÃ©rie,2013,MÃ©langes et prÃ©parations,3112
AlgÃ©rie,2014,MÃ©langes et prÃ©parations,1731
AlgÃ©rie,2015,MÃ©langes et prÃ©parations,559
AlgÃ©rie,2016,MÃ©langes et prÃ©parations,855
AlgÃ©rie,2013,Non-cÃ©rÃ©ales,7587
AlgÃ©rie,2014,Non-cÃ©rÃ©ales,4557
AlgÃ©rie,2015,Non-cÃ©rÃ©ales,5200
AlgÃ©rie,2016,Non-cÃ©rÃ©ales,972
"AlgÃ©rie,2013,""Riz, total"",4056"
"AlgÃ©rie,2014,""Riz, total"",922"
"AlgÃ©rie,2015,""Riz, total"",1642"
"AlgÃ©rie,2016,""Riz, total"",1733"
"AlgÃ©rie,2013,""Sucre, total"",1640"
"AlgÃ©rie,2014,""Sucre, total"",480"
"AlgÃ©rie,2015,""Sucre, total"",1418"
"AlgÃ©rie,2016,""Sucre, total"",360"
Angola,2014,Autres non-cÃ©rÃ©ales,7
Angola,2013,CÃ©rÃ©ales,2500
Angola,2013,MÃ©langes et prÃ©parations,2500
Angola,2014,Non-cÃ©rÃ©ales,7
Bangladesh,2013,BlÃ© et Farin,56709
Bangladesh,2014,BlÃ© et Farin,91350
Bangladesh,2015,BlÃ© et Farin,9740
Bangladesh,2013,CÃ©rÃ©ales,59954
Bangladesh,2014,CÃ©rÃ©ales,94706
Bangladesh,2015,CÃ©rÃ©ales,10609
"Bangladesh,2013,""Fruits secs, total"",515"
"Bangladesh,2015,""Fruits secs, total"",486"
Bangladesh,2013,Huiles vÃ©gÃ©tales,2335
Bangladesh,2014,Huiles vÃ©gÃ©tales,1371
Bangladesh,2015,Huiles vÃ©gÃ©tales,111
"Bangladesh,2013,""LÃ©gumineuses SÃ¨ches,Tot."",2044"
"Bangladesh,2014,""LÃ©gumineuses SÃ¨ches,Tot."",1194"
"Bangladesh,2015,""LÃ©gumineuses SÃ¨ches,Tot."",65"
Bangladesh,2013,MÃ©langes et prÃ©parations,2004
Bangladesh,2014,MÃ©langes et prÃ©parations,1528
Bangladesh,2015,MÃ©langes et prÃ©parations,869
Bangladesh,2013,Non-cÃ©rÃ©ales,5555
Bangladesh,2014,Non-cÃ©rÃ©ales,2608
Bangladesh,2015,Non-cÃ©rÃ©ales,662
Bangladesh,2013,Poiss&produi,580
"Bangladesh,2013,""Riz, total"",1241"
"Bangladesh,2014,""Riz, total"",1828"
"Bangladesh,2013,""Sucre, total"",81"
"Bangladesh,2014,""Sucre, total"",43"
BÃ©nin,2013,Autres non-cÃ©rÃ©ales,45
BÃ©nin,2014,Autres non-cÃ©rÃ©ales,50
BÃ©nin,2013,CÃ©rÃ©ales,8490
BÃ©nin,2015,CÃ©rÃ©ales,1439
"BÃ©nin,2016,""Fruits secs, total"",72"
BÃ©nin,2015,Huiles vÃ©gÃ©tales,260
"BÃ©nin,2013,""LÃ©gumineuses SÃ¨ches,Tot."",276"
"BÃ©nin,2014,""LÃ©gumineuses SÃ¨ches,Tot."",286"
"BÃ©nin,2015,""LÃ©gumineuses SÃ¨ches,Tot."",194"
BÃ©nin,2015,MÃ©langes et prÃ©parations,679
BÃ©nin,2013,Non-cÃ©rÃ©ales,321
BÃ©nin,2014,Non-cÃ©rÃ©ales,336
BÃ©nin,2015,Non-cÃ©rÃ©ales,454
BÃ©nin,2016,Non-cÃ©rÃ©ales,72
"BÃ©nin,2013,""Riz, total"",8490"
"BÃ©nin,2015,""Riz, total"",760"
Bhoutan,2013,CÃ©rÃ©ales,537
Bhoutan,2013,Huiles vÃ©gÃ©tales,127
Bhoutan,2014,Huiles vÃ©gÃ©tales,73
Bhoutan,2015,Huiles vÃ©gÃ©tales,91
Bhoutan,2016,Huiles vÃ©gÃ©tales,109
"Bhoutan,2013,""LÃ©gumineuses SÃ¨ches,Tot."",198"
"Bhoutan,2015,""LÃ©gumineuses SÃ¨ches,Tot."",198"
Bhoutan,2013,Non-cÃ©rÃ©ales,325
Bhoutan,2014,Non-cÃ©rÃ©ales,73
Bhoutan,2015,Non-cÃ©rÃ©ales,289
Bhoutan,2016,Non-cÃ©rÃ©ales,109
"Bhoutan,2013,""Riz, total"",537"
Bolivie (Ã‰tat plurinational de),2014,Autres non-cÃ©rÃ©ales,3
Bolivie (Ã‰tat plurinational de),2014,Non-cÃ©rÃ©ales,3
Burkina Faso,2013,Autres non-cÃ©rÃ©ales,507
Burkina Faso,2014,Autres non-cÃ©rÃ©ales,283
Burkina Faso,2015,Autres non-cÃ©rÃ©ales,27
Burkina Faso,2013,BlÃ© et Farin,10
Burkina Faso,2014,BlÃ© et Farin,7
Burkina Faso,2013,CÃ©rÃ©ales,6381
Burkina Faso,2014,CÃ©rÃ©ales,9605
Burkina Faso,2015,CÃ©rÃ©ales,9066
Burkina Faso,2013,CÃ©rÃ©ales Secondaires,827
Burkina Faso,2014,CÃ©rÃ©ales Secondaires,1032
Burkina Faso,2015,CÃ©rÃ©ales Secondaires,158
"Burkina Faso,2015,""Fruits secs, total"",126"
"Burkina Faso,2016,""Fruits secs, total"",36"
Burkina Faso,2013,Huiles vÃ©gÃ©tales,758
Burkina Faso,2014,Huiles vÃ©gÃ©tales,692
Burkina Faso,2015,Huiles vÃ©gÃ©tales,590
"Burkina Faso,2013,""LÃ©gumineuses SÃ¨ches,Tot."",1664"
"Burkina Faso,2014,""LÃ©gumineuses SÃ¨ches,Tot."",889"
"Burkina Faso,2015,""LÃ©gumineuses SÃ¨ches,Tot."",1782"
Burkina Faso,2013,MÃ©langes et prÃ©parations,4876
Burkina Faso,2014,MÃ©langes et prÃ©parations,1793
Burkina Faso,2015,MÃ©langes et prÃ©parations,3538
Burkina Faso,2013,Non-cÃ©rÃ©ales,2929
Burkina Faso,2014,Non-cÃ©rÃ©ales,1864
Burkina Faso,2015,Non-cÃ©rÃ©ales,2525
Burkina Faso,2016,Non-cÃ©rÃ©ales,36
"Burkina Faso,2013,""Riz, total"",668"
"Burkina Faso,2014,""Riz, total"",6773"
"Burkina Faso,2015,""Riz, total"",5370"
Burundi,2014,Autres non-cÃ©rÃ©ales,185
Burundi,2015,Autres non-cÃ©rÃ©ales,110
Burundi,2013,BlÃ© et Farin,13667
Burundi,2013,CÃ©rÃ©ales,24992
Burundi,2014,CÃ©rÃ©ales,4271
Burundi,2015,CÃ©rÃ©ales,5648
Burundi,2013,CÃ©rÃ©ales Secondaires,3092
Burundi,2014,CÃ©rÃ©ales Secondaires,3152
Burundi,2015,CÃ©rÃ©ales Secondaires,745
Burundi,2013,Huiles vÃ©gÃ©tales,770
Burundi,2014,Huiles vÃ©gÃ©tales,350
Burundi,2015,Huiles vÃ©gÃ©tales,390
"Burundi,2013,""LÃ©gumineuses SÃ¨ches,Tot."",809"
"Burundi,2014,""LÃ©gumineuses SÃ¨ches,Tot."",699"
"Burundi,2015,""LÃ©gumineuses SÃ¨ches,Tot."",270"
Burundi,2013,MÃ©langes et prÃ©parations,3098
Burundi,2014,MÃ©langes et prÃ©parations,1119
Burundi,2015,MÃ©langes et prÃ©parations,4903
Burundi,2013,Non-cÃ©rÃ©ales,1694
Burundi,2014,Non-cÃ©rÃ©ales,1234
Burundi,2015,Non-cÃ©rÃ©ales,820
"Burundi,2013,""Riz, total"",5135"
"Burundi,2013,""Sucre, total"",115"
"Burundi,2015,""Sucre, total"",50"
Cambodge,2013,Autres non-cÃ©rÃ©ales,50
Cambodge,2014,Autres non-cÃ©rÃ©ales,75
Cambodge,2015,Autres non-cÃ©rÃ©ales,22
Cambodge,2013,CÃ©rÃ©ales,4306
Cambodge,2014,CÃ©rÃ©ales,4644
Cambodge,2015,CÃ©rÃ©ales,279
Cambodge,2013,Huiles vÃ©gÃ©tales,336
Cambodge,2014,Huiles vÃ©gÃ©tales,449
Cambodge,2015,Huiles vÃ©gÃ©tales,204
"Cambodge,2013,""LÃ©gumineuses SÃ¨ches,Tot."",569"
"Cambodge,2014,""LÃ©gumineuses SÃ¨ches,Tot."",382"
"Cambodge,2015,""LÃ©gumineuses SÃ¨ches,Tot."",522"
Cambodge,2013,MÃ©langes et prÃ©parations,1695
Cambodge,2014,MÃ©langes et prÃ©parations,710
Cambodge,2013,Non-cÃ©rÃ©ales,1181
Cambodge,2014,Non-cÃ©rÃ©ales,1392
Cambodge,2015,Non-cÃ©rÃ©ales,1088
Cambodge,2013,Poiss&produi,226
Cambodge,2014,Poiss&produi,486
Cambodge,2015,Poiss&produi,340
"Cambodge,2013,""Riz, total"",2611"
"Cambodge,2014,""Riz, total"",3934"
"Cambodge,2015,""Riz, total"",279"
Cameroun,2013,Autres non-cÃ©rÃ©ales,472
Cameroun,2014,Autres non-cÃ©rÃ©ales,643
Cameroun,2015,Autres non-cÃ©rÃ©ales,811
Cameroun,2013,CÃ©rÃ©ales,1700
Cameroun,2014,CÃ©rÃ©ales,5302
Cameroun,2015,CÃ©rÃ©ales,12475
Cameroun,2013,CÃ©rÃ©ales Secondaires,968
Cameroun,2014,CÃ©rÃ©ales Secondaires,2038
"Cameroun,2015,""Fruits secs, total"",134"
Cameroun,2013,Huiles vÃ©gÃ©tales,164
Cameroun,2014,Huiles vÃ©gÃ©tales,175
Cameroun,2015,Huiles vÃ©gÃ©tales,569
Cameroun,2016,Huiles vÃ©gÃ©tales,289
"Cameroun,2013,""LÃ©gumineuses SÃ¨ches,Tot."",117"
"Cameroun,2014,""LÃ©gumineuses SÃ¨ches,Tot."",697"
"Cameroun,2015,""LÃ©gumineuses SÃ¨ches,Tot."",1982"
Cameroun,2013,MÃ©langes et prÃ©parations,452
Cameroun,2014,MÃ©langes et prÃ©parations,708
Cameroun,2015,MÃ©langes et prÃ©parations,239
Cameroun,2013,Non-cÃ©rÃ©ales,753
Cameroun,2014,Non-cÃ©rÃ©ales,1540
Cameroun,2015,Non-cÃ©rÃ©ales,3680
Cameroun,2016,Non-cÃ©rÃ©ales,289
"Cameroun,2013,""Riz, total"",280"
"Cameroun,2014,""Riz, total"",2556"
"Cameroun,2015,""Riz, total"",12236"
"Cameroun,2014,""Sucre, total"",25"
"Cameroun,2015,""Sucre, total"",184"
Chine, continentale,2014,CÃ©rÃ©ales,649
Chine, continentale,2014,Huiles vÃ©gÃ©tales,0
Chine, continentale,2014,Non-cÃ©rÃ©ales,0
"Chine, continentale,2014,""Riz, total"",649"
Colombie,2013,CÃ©rÃ©ales,2190
Colombie,2014,CÃ©rÃ©ales,3335
Colombie,2015,CÃ©rÃ©ales,1672
Colombie,2016,CÃ©rÃ©ales,1963
Colombie,2013,Huiles vÃ©gÃ©tales,1020
Colombie,2014,Huiles vÃ©gÃ©tales,858
Colombie,2015,Huiles vÃ©gÃ©tales,800
"Colombie,2013,""LÃ©gumineuses SÃ¨ches,Tot."",2373"
"Colombie,2015,""LÃ©gumineuses SÃ¨ches,Tot."",849"
"Colombie,2016,""LÃ©gumineuses SÃ¨ches,Tot."",770"
Colombie,2013,Non-cÃ©rÃ©ales,3531
Colombie,2014,Non-cÃ©rÃ©ales,1263
Colombie,2015,Non-cÃ©rÃ©ales,1649
Colombie,2016,Non-cÃ©rÃ©ales,770
"Colombie,2013,""Riz, total"",2190"
"Colombie,2014,""Riz, total"",3335"
"Colombie,2015,""Riz, total"",1672"
"Colombie,2016,""Riz, total"",1963"
"Colombie,2013,""Sucre, total"",138"
"Colombie,2014,""Sucre, total"",405"
Comores,2013,CÃ©rÃ©ales,3903
"Comores,2013,""Riz, total"",3903"
Congo,2013,Autres non-cÃ©rÃ©ales,136
Congo,2014,Autres non-cÃ©rÃ©ales,140
Congo,2015,Autres non-cÃ©rÃ©ales,26
Congo,2013,CÃ©rÃ©ales,2755
Congo,2014,CÃ©rÃ©ales,2260
Congo,2015,CÃ©rÃ©ales,2567
Congo,2013,CÃ©rÃ©ales Secondaires,1311
Congo,2014,CÃ©rÃ©ales Secondaires,172
Congo,2013,Huiles vÃ©gÃ©tales,18
Congo,2014,Huiles vÃ©gÃ©tales,508
Congo,2015,Huiles vÃ©gÃ©tales,91
"Congo,2013,""LÃ©gumineuses SÃ¨ches,Tot."",767"
"Congo,2014,""LÃ©gumineuses SÃ¨ches,Tot."",1366"
"Congo,2015,""LÃ©gumineuses SÃ¨ches,Tot."",170"
Congo,2014,MÃ©langes et prÃ©parations,198
Congo,2013,Non-cÃ©rÃ©ales,1262
Congo,2014,Non-cÃ©rÃ©ales,2198
Congo,2015,Non-cÃ©rÃ©ales,433
Congo,2013,Poiss&produi,341
Congo,2014,Poiss&produi,184
Congo,2015,Poiss&produi,146
"Congo,2013,""Riz, total"",1444"
"Congo,2014,""Riz, total"",1890"
"Congo,2015,""Riz, total"",2567"
CÃ´te d'Ivoire,2013,Autres non-cÃ©rÃ©ales,67
CÃ´te d'Ivoire,2014,Autres non-cÃ©rÃ©ales,104
CÃ´te d'Ivoire,2015,Autres non-cÃ©rÃ©ales,108
CÃ´te d'Ivoire,2013,CÃ©rÃ©ales,7416
CÃ´te d'Ivoire,2014,CÃ©rÃ©ales,4521
CÃ´te d'Ivoire,2015,CÃ©rÃ©ales,5297
CÃ´te d'Ivoire,2016,CÃ©rÃ©ales,4323
"CÃ´te d'Ivoire,2015,""Fruits secs, total"",900"
CÃ´te d'Ivoire,2013,Huiles vÃ©gÃ©tales,2084
CÃ´te d'Ivoire,2015,Huiles vÃ©gÃ©tales,19
CÃ´te d'Ivoire,2016,Huiles vÃ©gÃ©tales,70
"CÃ´te d'Ivoire,2013,""LÃ©gumineuses SÃ¨ches,Tot."",1724"
"CÃ´te d'Ivoire,2014,""LÃ©gumineuses SÃ¨ches,Tot."",336"
CÃ´te d'Ivoire,2013,MÃ©langes et prÃ©parations,525
CÃ´te d'Ivoire,2014,MÃ©langes et prÃ©parations,647
CÃ´te d'Ivoire,2015,MÃ©langes et prÃ©parations,197
CÃ´te d'Ivoire,2013,Non-cÃ©rÃ©ales,3875
CÃ´te d'Ivoire,2014,Non-cÃ©rÃ©ales,440
CÃ´te d'Ivoire,2015,Non-cÃ©rÃ©ales,1027
CÃ´te d'Ivoire,2016,Non-cÃ©rÃ©ales,70
"CÃ´te d'Ivoire,2013,""Riz, total"",6891"
"CÃ´te d'Ivoire,2014,""Riz, total"",3874"
"CÃ´te d'Ivoire,2015,""Riz, total"",5100"
"CÃ´te d'Ivoire,2016,""Riz, total"",4323"
Cuba,2014,Autres non-cÃ©rÃ©ales,7
Cuba,2015,Autres non-cÃ©rÃ©ales,8
Cuba,2013,CÃ©rÃ©ales,450
Cuba,2015,CÃ©rÃ©ales,2698
Cuba,2013,Huiles vÃ©gÃ©tales,112
"Cuba,2015,""Lait, total"",150"
"Cuba,2013,""LÃ©gumineuses SÃ¨ches,Tot."",235"
"Cuba,2015,""LÃ©gumineuses SÃ¨ches,Tot."",1277"
Cuba,2015,MÃ©langes et prÃ©parations,305
Cuba,2013,Non-cÃ©rÃ©ales,347
Cuba,2014,Non-cÃ©rÃ©ales,7
Cuba,2015,Non-cÃ©rÃ©ales,1435
"Cuba,2013,""Riz, total"",450"
"Cuba,2015,""Riz, total"",2393"
Djibouti,2013,Autres non-cÃ©rÃ©ales,41
Djibouti,2014,Autres non-cÃ©rÃ©ales,50
Djibouti,2013,BlÃ© et Farin,5930
Djibouti,2014,BlÃ© et Farin,4217
Djibouti,2015,BlÃ© et Farin,384
Djibouti,2013,CÃ©rÃ©ales,9076
Djibouti,2014,CÃ©rÃ©ales,7542
Djibouti,2015,CÃ©rÃ©ales,1558
Djibouti,2013,CÃ©rÃ©ales Secondaires,1300
Djibouti,2014,CÃ©rÃ©ales Secondaires,2030
Djibouti,2015,CÃ©rÃ©ales Secondaires,800
"Djibouti,2013,""Fruits secs, total"",68"
"Djibouti,2015,""Fruits secs, total"",126"
Djibouti,2014,Huiles vÃ©gÃ©tales,386
"Djibouti,2013,""LÃ©gumineuses SÃ¨ches,Tot."",838"
"Djibouti,2014,""LÃ©gumineuses SÃ¨ches,Tot."",518"
"Djibouti,2015,""LÃ©gumineuses SÃ¨ches,Tot."",190"
Djibouti,2013,MÃ©langes et prÃ©parations,1021
Djibouti,2014,MÃ©langes et prÃ©parations,970
Djibouti,2015,MÃ©langes et prÃ©parations,274
Djibouti,2013,Non-cÃ©rÃ©ales,1108
Djibouti,2014,Non-cÃ©rÃ©ales,1002
Djibouti,2015,Non-cÃ©rÃ©ales,362
"Djibouti,2013,""Riz, total"",825"
"Djibouti,2014,""Riz, total"",325"
"Djibouti,2015,""Riz, total"",100"
"Djibouti,2013,""Sucre, total"",161"
"Djibouti,2014,""Sucre, total"",48"
"Djibouti,2015,""Sucre, total"",46"
"Ã‰gypte,2013,""Fruits secs, total"",561"
Ã‰gypte,2013,Non-cÃ©rÃ©ales,561
El Salvador,2013,CÃ©rÃ©ales,1005
El Salvador,2014,CÃ©rÃ©ales,38
El Salvador,2015,CÃ©rÃ©ales,497
El Salvador,2016,CÃ©rÃ©ales,596
El Salvador,2014,Huiles vÃ©gÃ©tales,172
El Salvador,2015,Huiles vÃ©gÃ©tales,198
El Salvador,2014,MÃ©langes et prÃ©parations,38
El Salvador,2015,MÃ©langes et prÃ©parations,497
El Salvador,2014,Non-cÃ©rÃ©ales,172
El Salvador,2015,Non-cÃ©rÃ©ales,198
"El Salvador,2013,""Riz, total"",1005"
"El Salvador,2016,""Riz, total"",596"
Ã‰quateur,2013,CÃ©rÃ©ales,345
Ã‰quateur,2013,Huiles vÃ©gÃ©tales,103
"Ã‰quateur,2013,""LÃ©gumineuses SÃ¨ches,Tot."",233"
Ã‰quateur,2013,Non-cÃ©rÃ©ales,336
"Ã‰quateur,2013,""Riz, total"",345"
Ã‰thiopie,2013,Autres non-cÃ©rÃ©ales,170
Ã‰thiopie,2014,Autres non-cÃ©rÃ©ales,466
Ã‰thiopie,2015,Autres non-cÃ©rÃ©ales,244
Ã‰thiopie,2013,BlÃ© et Farin,181066
Ã‰thiopie,2014,BlÃ© et Farin,178646
Ã‰thiopie,2015,BlÃ© et Farin,74090
Ã‰thiopie,2013,BulgurFarEnt,2939
Ã‰thiopie,2014,BulgurFarEnt,2490
Ã‰thiopie,2013,CÃ©rÃ©ales,256196
Ã‰thiopie,2014,CÃ©rÃ©ales,265013
Ã‰thiopie,2015,CÃ©rÃ©ales,86482
Ã‰thiopie,2013,CÃ©rÃ©ales Secondaires,45040
Ã‰thiopie,2014,CÃ©rÃ©ales Secondaires,70890
Ã‰thiopie,2015,CÃ©rÃ©ales Secondaires,7880
"Ã‰thiopie,2013,""Fruits secs, total"",459"
"Ã‰thiopie,2015,""Fruits secs, total"",162"
Ã‰thiopie,2013,Huiles vÃ©gÃ©tales,9604
Ã‰thiopie,2014,Huiles vÃ©gÃ©tales,7088
Ã‰thiopie,2015,Huiles vÃ©gÃ©tales,1826
"Ã‰thiopie,2013,""LÃ©gumineuses SÃ¨ches,Tot."",27916"
"Ã‰thiopie,2014,""LÃ©gumineuses SÃ¨ches,Tot."",20232"
"Ã‰thiopie,2015,""LÃ©gumineuses SÃ¨ches,Tot."",10519"
Ã‰thiopie,2013,MÃ©langes et prÃ©parations,21470
Ã‰thiopie,2014,MÃ©langes et prÃ©parations,12752
Ã‰thiopie,2015,MÃ©langes et prÃ©parations,4512
Ã‰thiopie,2013,Non-cÃ©rÃ©ales,39506
Ã‰thiopie,2014,Non-cÃ©rÃ©ales,28299
Ã‰thiopie,2015,Non-cÃ©rÃ©ales,15151
"Ã‰thiopie,2013,""Riz, total"",5681"
"Ã‰thiopie,2014,""Riz, total"",235"
"Ã‰thiopie,2013,""Sucre, total"",1357"
"Ã‰thiopie,2014,""Sucre, total"",513"
"Ã‰thiopie,2015,""Sucre, total"",2400"
Gambie,2013,CÃ©rÃ©ales,3941
Gambie,2014,CÃ©rÃ©ales,665
Gambie,2015,CÃ©rÃ©ales,120
Gambie,2013,Huiles vÃ©gÃ©tales,347
Gambie,2014,Huiles vÃ©gÃ©tales,36
Gambie,2015,Huiles vÃ©gÃ©tales,97
"Gambie,2013,""LÃ©gumineuses SÃ¨ches,Tot."",766"
"Gambie,2014,""LÃ©gumineuses SÃ¨ches,Tot."",115"
"Gambie,2015,""LÃ©gumineuses SÃ¨ches,Tot."",308"
"Gambie,2016,""LÃ©gumineuses SÃ¨ches,Tot."",168"
Gambie,2013,MÃ©langes et prÃ©parations,1941
Gambie,2014,MÃ©langes et prÃ©parations,240
Gambie,2015,MÃ©langes et prÃ©parations,120
Gambie,2013,Non-cÃ©rÃ©ales,1113
Gambie,2014,Non-cÃ©rÃ©ales,151
Gambie,2015,Non-cÃ©rÃ©ales,405
Gambie,2016,Non-cÃ©rÃ©ales,168
"Gambie,2013,""Riz, total"",2000"
"Gambie,2014,""Riz, total"",425"
GÃ©orgie,2013,Autres non-cÃ©rÃ©ales,3
GÃ©orgie,2014,Autres non-cÃ©rÃ©ales,4
GÃ©orgie,2013,BlÃ© et Farin,2
GÃ©orgie,2013,CÃ©rÃ©ales,4
GÃ©orgie,2014,CÃ©rÃ©ales,2
GÃ©orgie,2013,Huiles vÃ©gÃ©tales,6
GÃ©orgie,2014,Huiles vÃ©gÃ©tales,7
"GÃ©orgie,2014,""LÃ©gumineuses SÃ¨ches,Tot."",2"
GÃ©orgie,2013,Non-cÃ©rÃ©ales,13
GÃ©orgie,2014,Non-cÃ©rÃ©ales,16
"GÃ©orgie,2013,""Riz, total"",2"
"GÃ©orgie,2014,""Riz, total"",2"
"GÃ©orgie,2013,""Sucre, total"",3"
"GÃ©orgie,2014,""Sucre, total"",3"
GÃ©orgie,2013,Viande Total,1
Ghana,2014,Autres non-cÃ©rÃ©ales,2
Ghana,2013,CÃ©rÃ©ales,1727
Ghana,2014,CÃ©rÃ©ales,3621
Ghana,2015,CÃ©rÃ©ales,1252
Ghana,2013,Huiles vÃ©gÃ©tales,429
Ghana,2014,Huiles vÃ©gÃ©tales,435
"Ghana,2013,""LÃ©gumineuses SÃ¨ches,Tot."",322"
Ghana,2013,MÃ©langes et prÃ©parations,602
Ghana,2014,MÃ©langes et prÃ©parations,3071
Ghana,2015,MÃ©langes et prÃ©parations,1002
Ghana,2013,Non-cÃ©rÃ©ales,751
Ghana,2014,Non-cÃ©rÃ©ales,462
Ghana,2015,Non-cÃ©rÃ©ales,25
"Ghana,2013,""Riz, total"",1125"
"Ghana,2014,""Riz, total"",550"
"Ghana,2015,""Riz, total"",250"
"Ghana,2014,""Sucre, total"",25"
"Ghana,2015,""Sucre, total"",25"
Guatemala,2014,BlÃ© et Farin,210
Guatemala,2015,BlÃ© et Farin,270
Guatemala,2013,CÃ©rÃ©ales,10736
Guatemala,2014,CÃ©rÃ©ales,5248
Guatemala,2015,CÃ©rÃ©ales,4792
Guatemala,2016,CÃ©rÃ©ales,355
Guatemala,2014,CÃ©rÃ©ales Secondaires,699
Guatemala,2015,CÃ©rÃ©ales Secondaires,350
Guatemala,2013,Huiles vÃ©gÃ©tales,1189
Guatemala,2014,Huiles vÃ©gÃ©tales,1286
Guatemala,2015,Huiles vÃ©gÃ©tales,1010
"Guatemala,2013,""LÃ©gumineuses SÃ¨ches,Tot."",14388"
"Guatemala,2014,""LÃ©gumineuses SÃ¨ches,Tot."",5390"
"Guatemala,2015,""LÃ©gumineuses SÃ¨ches,Tot."",4721"
"Guatemala,2016,""LÃ©gumineuses SÃ¨ches,Tot."",348"
Guatemala,2013,MÃ©langes et prÃ©parations,2369
Guatemala,2014,MÃ©langes et prÃ©parations,1720
Guatemala,2015,MÃ©langes et prÃ©parations,1303
Guatemala,2016,MÃ©langes et prÃ©parations,355
Guatemala,2013,Non-cÃ©rÃ©ales,15577
Guatemala,2014,Non-cÃ©rÃ©ales,6676
Guatemala,2015,Non-cÃ©rÃ©ales,5731
Guatemala,2016,Non-cÃ©rÃ©ales,348
"Guatemala,2013,""Riz, total"",8367"
"Guatemala,2014,""Riz, total"",2619"
"Guatemala,2015,""Riz, total"",2869"
GuinÃ©e,2013,Autres non-cÃ©rÃ©ales,57
GuinÃ©e,2014,Autres non-cÃ©rÃ©ales,69
GuinÃ©e,2015,Autres non-cÃ©rÃ©ales,297
GuinÃ©e,2014,BulgurFarEnt,78
GuinÃ©e,2013,CÃ©rÃ©ales,2281
GuinÃ©e,2014,CÃ©rÃ©ales,6150
GuinÃ©e,2015,CÃ©rÃ©ales,4786
"GuinÃ©e,2015,""Fruits secs, total"",54"
GuinÃ©e,2013,Huiles vÃ©gÃ©tales,515
GuinÃ©e,2014,Huiles vÃ©gÃ©tales,779
GuinÃ©e,2015,Huiles vÃ©gÃ©tales,3049
"GuinÃ©e,2013,""LÃ©gumineuses SÃ¨ches,Tot."",511"
"GuinÃ©e,2014,""LÃ©gumineuses SÃ¨ches,Tot."",1849"
"GuinÃ©e,2015,""LÃ©gumineuses SÃ¨ches,Tot."",2456"
GuinÃ©e,2013,MÃ©langes et prÃ©parations,306
GuinÃ©e,2014,MÃ©langes et prÃ©parations,1587
GuinÃ©e,2015,MÃ©langes et prÃ©parations,956
GuinÃ©e,2013,Non-cÃ©rÃ©ales,1083
GuinÃ©e,2014,Non-cÃ©rÃ©ales,2697
GuinÃ©e,2015,Non-cÃ©rÃ©ales,5879
"GuinÃ©e,2013,""Riz, total"",1975"
"GuinÃ©e,2014,""Riz, total"",4485"
"GuinÃ©e,2015,""Riz, total"",3830"
"GuinÃ©e,2015,""Sucre, total"",23"
GuinÃ©e-Bissau,2013,Autres non-cÃ©rÃ©ales,731
GuinÃ©e-Bissau,2014,Autres non-cÃ©rÃ©ales,118
GuinÃ©e-Bissau,2013,CÃ©rÃ©ales,4337
GuinÃ©e-Bissau,2014,CÃ©rÃ©ales,2496
GuinÃ©e-Bissau,2015,CÃ©rÃ©ales,692
GuinÃ©e-Bissau,2013,Huiles vÃ©gÃ©tales,1027
GuinÃ©e-Bissau,2014,Huiles vÃ©gÃ©tales,146
GuinÃ©e-Bissau,2015,Huiles vÃ©gÃ©tales,415
"GuinÃ©e-Bissau,2013,""LÃ©gumineuses SÃ¨ches,Tot."",1559"
"GuinÃ©e-Bissau,2014,""LÃ©gumineuses SÃ¨ches,Tot."",459"
"GuinÃ©e-Bissau,2015,""LÃ©gumineuses SÃ¨ches,Tot."",275"
GuinÃ©e-Bissau,2013,MÃ©langes et prÃ©parations,812
GuinÃ©e-Bissau,2014,MÃ©langes et prÃ©parations,1946
GuinÃ©e-Bissau,2015,MÃ©langes et prÃ©parations,517
GuinÃ©e-Bissau,2013,Non-cÃ©rÃ©ales,3409
GuinÃ©e-Bissau,2014,Non-cÃ©rÃ©ales,1213
GuinÃ©e-Bissau,2015,Non-cÃ©rÃ©ales,690
GuinÃ©e-Bissau,2014,Poiss&produi,490
"GuinÃ©e-Bissau,2013,""Riz, total"",3525"
"GuinÃ©e-Bissau,2014,""Riz, total"",550"
"GuinÃ©e-Bissau,2015,""Riz, total"",175"
"GuinÃ©e-Bissau,2013,""Sucre, total"",92"
HaÃ¯ti,2013,Autres non-cÃ©rÃ©ales,396
HaÃ¯ti,2014,Autres non-cÃ©rÃ©ales,254
HaÃ¯ti,2015,Autres non-cÃ©rÃ©ales,175
HaÃ¯ti,2016,Autres non-cÃ©rÃ©ales,105
HaÃ¯ti,2013,BulgurFarEnt,3908
HaÃ¯ti,2014,BulgurFarEnt,780
HaÃ¯ti,2015,BulgurFarEnt,771
HaÃ¯ti,2016,BulgurFarEnt,3544
HaÃ¯ti,2013,CÃ©rÃ©ales,23158
HaÃ¯ti,2014,CÃ©rÃ©ales,12440
HaÃ¯ti,2015,CÃ©rÃ©ales,3421
HaÃ¯ti,2016,CÃ©rÃ©ales,4005
HaÃ¯ti,2013,Huiles vÃ©gÃ©tales,2218
HaÃ¯ti,2014,Huiles vÃ©gÃ©tales,1315
HaÃ¯ti,2015,Huiles vÃ©gÃ©tales,231
HaÃ¯ti,2016,Huiles vÃ©gÃ©tales,516
"HaÃ¯ti,2013,""Lait, total"",17"
"HaÃ¯ti,2013,""LÃ©gumineuses SÃ¨ches,Tot."",4613"
"HaÃ¯ti,2014,""LÃ©gumineuses SÃ¨ches,Tot."",2545"
"HaÃ¯ti,2015,""LÃ©gumineuses SÃ¨ches,Tot."",1006"
"HaÃ¯ti,2016,""LÃ©gumineuses SÃ¨ches,Tot."",1605"
HaÃ¯ti,2013,MÃ©langes et prÃ©parations,8080
HaÃ¯ti,2014,MÃ©langes et prÃ©parations,1010
HaÃ¯ti,2016,MÃ©langes et prÃ©parations,461
HaÃ¯ti,2013,Non-cÃ©rÃ©ales,7449
HaÃ¯ti,2014,Non-cÃ©rÃ©ales,4114
HaÃ¯ti,2015,Non-cÃ©rÃ©ales,1412
HaÃ¯ti,2016,Non-cÃ©rÃ©ales,2226
"HaÃ¯ti,2013,""Riz, total"",11170"
"HaÃ¯ti,2014,""Riz, total"",10650"
"HaÃ¯ti,2015,""Riz, total"",2650"
"HaÃ¯ti,2013,""Sucre, total"",205"
Honduras,2013,CÃ©rÃ©ales,10770
Honduras,2014,CÃ©rÃ©ales,3238
Honduras,2015,CÃ©rÃ©ales,4072
Honduras,2016,CÃ©rÃ©ales,753
"Honduras,2016,""Fruits secs, total"",331"
Honduras,2013,Huiles vÃ©gÃ©tales,2798
Honduras,2014,Huiles vÃ©gÃ©tales,1540
Honduras,2015,Huiles vÃ©gÃ©tales,1880
Honduras,2016,Huiles vÃ©gÃ©tales,558
"Honduras,2014,""LÃ©gumineuses SÃ¨ches,Tot."",521"
"Honduras,2015,""LÃ©gumineuses SÃ¨ches,Tot."",301"
"Honduras,2016,""LÃ©gumineuses SÃ¨ches,Tot."",604"
Honduras,2013,MÃ©langes et prÃ©parations,2895
Honduras,2014,MÃ©langes et prÃ©parations,2269
Honduras,2015,MÃ©langes et prÃ©parations,2772
Honduras,2016,MÃ©langes et prÃ©parations,443
Honduras,2013,Non-cÃ©rÃ©ales,2798
Honduras,2014,Non-cÃ©rÃ©ales,2061
Honduras,2015,Non-cÃ©rÃ©ales,2181
Honduras,2016,Non-cÃ©rÃ©ales,1493
"Honduras,2013,""Riz, total"",7875"
"Honduras,2014,""Riz, total"",969"
"Honduras,2015,""Riz, total"",1300"
"Honduras,2016,""Riz, total"",310"
Iran (RÃ©publique islamique d'),2013,CÃ©rÃ©ales,500
Iran (RÃ©publique islamique d'),2014,CÃ©rÃ©ales,325
Iran (RÃ©publique islamique d'),2015,CÃ©rÃ©ales,200
Iran (RÃ©publique islamique d'),2013,Huiles vÃ©gÃ©tales,196
Iran (RÃ©publique islamique d'),2014,Huiles vÃ©gÃ©tales,312
"Iran (RÃ©publique islamique d'),2013,""LÃ©gumineuses SÃ¨ches,Tot."",327"
"Iran (RÃ©publique islamique d'),2014,""LÃ©gumineuses SÃ¨ches,Tot."",75"
"Iran (RÃ©publique islamique d'),2016,""LÃ©gumineuses SÃ¨ches,Tot."",241"
Iran (RÃ©publique islamique d'),2013,Non-cÃ©rÃ©ales,569
Iran (RÃ©publique islamique d'),2014,Non-cÃ©rÃ©ales,412
Iran (RÃ©publique islamique d'),2015,Non-cÃ©rÃ©ales,46
Iran (RÃ©publique islamique d'),2016,Non-cÃ©rÃ©ales,291
"Iran (RÃ©publique islamique d'),2013,""Riz, total"",500"
"Iran (RÃ©publique islamique d'),2014,""Riz, total"",325"
"Iran (RÃ©publique islamique d'),2015,""Riz, total"",200"
"Iran (RÃ©publique islamique d'),2013,""Sucre, total"",46"
"Iran (RÃ©publique islamique d'),2014,""Sucre, total"",25"
"Iran (RÃ©publique islamique d'),2015,""Sucre, total"",46"
"Iran (RÃ©publique islamique d'),2016,""Sucre, total"",50"
Iraq,2013,Autres non-cÃ©rÃ©ales,169
Iraq,2015,Autres non-cÃ©rÃ©ales,1001
Iraq,2013,CÃ©rÃ©ales,139
Iraq,2014,CÃ©rÃ©ales,465
Iraq,2013,Huiles vÃ©gÃ©tales,8
"Iraq,2013,""LÃ©gumineuses SÃ¨ches,Tot."",13"
Iraq,2013,Non-cÃ©rÃ©ales,194
Iraq,2015,Non-cÃ©rÃ©ales,1001
"Iraq,2013,""Riz, total"",139"
"Iraq,2014,""Riz, total"",465"
"Iraq,2013,""Sucre, total"",4"
Jordanie,2013,Autres non-cÃ©rÃ©ales,5
Jordanie,2015,Autres non-cÃ©rÃ©ales,1
Jordanie,2013,BlÃ© et Farin,35
Jordanie,2015,BlÃ© et Farin,1370
Jordanie,2013,BulgurFarEnt,594
Jordanie,2014,BulgurFarEnt,141
Jordanie,2013,CÃ©rÃ©ales,2209
Jordanie,2014,CÃ©rÃ©ales,3541
Jordanie,2015,CÃ©rÃ©ales,1370
Jordanie,2013,Huiles vÃ©gÃ©tales,1039
Jordanie,2014,Huiles vÃ©gÃ©tales,454
"Jordanie,2013,""Lait, total"",91"
"Jordanie,2013,""LÃ©gumineuses SÃ¨ches,Tot."",876"
"Jordanie,2014,""LÃ©gumineuses SÃ¨ches,Tot."",386"
Jordanie,2013,MÃ©langes et prÃ©parations,321
Jordanie,2013,Non-cÃ©rÃ©ales,2527
Jordanie,2014,Non-cÃ©rÃ©ales,840
Jordanie,2015,Non-cÃ©rÃ©ales,1651
Jordanie,2013,Poiss&produi,3
"Jordanie,2013,""Riz, total"",1259"
"Jordanie,2014,""Riz, total"",3400"
"Jordanie,2013,""Sucre, total"",513"
"Jordanie,2015,""Sucre, total"",1650"
Kenya,2014,Autres non-cÃ©rÃ©ales,22
Kenya,2015,Autres non-cÃ©rÃ©ales,140
Kenya,2013,BlÃ© et Farin,34520
Kenya,2014,BlÃ© et Farin,37940
Kenya,2015,BlÃ© et Farin,25809
Kenya,2014,BulgurFarEnt,11507
Kenya,2013,CÃ©rÃ©ales,92906
Kenya,2014,CÃ©rÃ©ales,92993
Kenya,2015,CÃ©rÃ©ales,45899
Kenya,2013,CÃ©rÃ©ales Secondaires,52400
Kenya,2014,CÃ©rÃ©ales Secondaires,43546
Kenya,2015,CÃ©rÃ©ales Secondaires,20090
"Kenya,2013,""Fruits secs, total"",306"
"Kenya,2015,""Fruits secs, total"",324"
Kenya,2013,Huiles vÃ©gÃ©tales,1900
Kenya,2014,Huiles vÃ©gÃ©tales,4768
Kenya,2015,Huiles vÃ©gÃ©tales,50
"Kenya,2014,""Lait, total"",125"
"Kenya,2013,""LÃ©gumineuses SÃ¨ches,Tot."",15325"
"Kenya,2014,""LÃ©gumineuses SÃ¨ches,Tot."",10801"
"Kenya,2015,""LÃ©gumineuses SÃ¨ches,Tot."",10813"
Kenya,2013,MÃ©langes et prÃ©parations,1348
Kenya,2013,Non-cÃ©rÃ©ales,17577
Kenya,2014,Non-cÃ©rÃ©ales,15716
Kenya,2015,Non-cÃ©rÃ©ales,11327
"Kenya,2013,""Riz, total"",4638"
"Kenya,2013,""Sucre, total"",46"
Kirghizistan,2013,BlÃ© et Farin,360
Kirghizistan,2014,BlÃ© et Farin,380
Kirghizistan,2015,BlÃ© et Farin,180
Kirghizistan,2013,CÃ©rÃ©ales,540
Kirghizistan,2014,CÃ©rÃ©ales,570
Kirghizistan,2015,CÃ©rÃ©ales,270
Kirghizistan,2013,Huiles vÃ©gÃ©tales,399
Kirghizistan,2014,Huiles vÃ©gÃ©tales,50
Kirghizistan,2015,Huiles vÃ©gÃ©tales,40
"Kirghizistan,2013,""LÃ©gumineuses SÃ¨ches,Tot."",80"
"Kirghizistan,2014,""LÃ©gumineuses SÃ¨ches,Tot."",80"
"Kirghizistan,2015,""LÃ©gumineuses SÃ¨ches,Tot."",40"
Kirghizistan,2013,Non-cÃ©rÃ©ales,479
Kirghizistan,2014,Non-cÃ©rÃ©ales,130
Kirghizistan,2015,Non-cÃ©rÃ©ales,80
"Kirghizistan,2013,""Riz, total"",180"
"Kirghizistan,2014,""Riz, total"",190"
"Kirghizistan,2015,""Riz, total"",90"
Lesotho,2014,BlÃ© et Farin,470
Lesotho,2013,CÃ©rÃ©ales,1175
Lesotho,2014,CÃ©rÃ©ales,1539
Lesotho,2013,Huiles vÃ©gÃ©tales,91
Lesotho,2014,Huiles vÃ©gÃ©tales,208
Lesotho,2015,Huiles vÃ©gÃ©tales,111
"Lesotho,2013,""LÃ©gumineuses SÃ¨ches,Tot."",81"
"Lesotho,2014,""LÃ©gumineuses SÃ¨ches,Tot."",373"
"Lesotho,2015,""LÃ©gumineuses SÃ¨ches,Tot."",720"
Lesotho,2013,MÃ©langes et prÃ©parations,1175
Lesotho,2014,MÃ©langes et prÃ©parations,1069
Lesotho,2013,Non-cÃ©rÃ©ales,308
Lesotho,2014,Non-cÃ©rÃ©ales,765
Lesotho,2015,Non-cÃ©rÃ©ales,1525
Lesotho,2013,Poiss&produi,136
Lesotho,2015,Poiss&produi,569
"Lesotho,2014,""Sucre, total"",184"
"Lesotho,2015,""Sucre, total"",125"
Liban,2013,Autres non-cÃ©rÃ©ales,2
Liban,2013,CÃ©rÃ©ales,776
"Liban,2014,""Fruits secs, total"",390"
"Liban,2016,""Fruits secs, total"",800"
Liban,2013,Huiles vÃ©gÃ©tales,848
Liban,2014,Huiles vÃ©gÃ©tales,320
"Liban,2013,""LÃ©gumineuses SÃ¨ches,Tot."",698"
"Liban,2014,""LÃ©gumineuses SÃ¨ches,Tot."",350"
Liban,2013,Non-cÃ©rÃ©ales,1551
Liban,2014,Non-cÃ©rÃ©ales,1060
Liban,2016,Non-cÃ©rÃ©ales,800
"Liban,2013,""Riz, total"",776"
"Liban,2013,""Sucre, total"",3"
LibÃ©ria,2013,Autres non-cÃ©rÃ©ales,2
LibÃ©ria,2014,Autres non-cÃ©rÃ©ales,1
LibÃ©ria,2013,BulgurFarEnt,80
LibÃ©ria,2014,BulgurFarEnt,420
LibÃ©ria,2013,CÃ©rÃ©ales,8520
LibÃ©ria,2014,CÃ©rÃ©ales,879
LibÃ©ria,2014,Huiles vÃ©gÃ©tales,201
"LibÃ©ria,2013,""LÃ©gumineuses SÃ¨ches,Tot."",70"
"LibÃ©ria,2014,""LÃ©gumineuses SÃ¨ches,Tot."",250"
LibÃ©ria,2013,MÃ©langes et prÃ©parations,380
LibÃ©ria,2014,MÃ©langes et prÃ©parations,459
LibÃ©ria,2013,Non-cÃ©rÃ©ales,72
LibÃ©ria,2014,Non-cÃ©rÃ©ales,452
"LibÃ©ria,2013,""Riz, total"",8060"
Libye,2014,Autres non-cÃ©rÃ©ales,298
Libye,2015,Autres non-cÃ©rÃ©ales,2139
Libye,2016,Autres non-cÃ©rÃ©ales,2207
Libye,2014,Non-cÃ©rÃ©ales,298
Libye,2015,Non-cÃ©rÃ©ales,2139
Libye,2016,Non-cÃ©rÃ©ales,2207
Madagascar,2013,Autres non-cÃ©rÃ©ales,5
Madagascar,2014,Autres non-cÃ©rÃ©ales,80
Madagascar,2015,Autres non-cÃ©rÃ©ales,9
Madagascar,2013,CÃ©rÃ©ales,18721
Madagascar,2014,CÃ©rÃ©ales,9499
Madagascar,2015,CÃ©rÃ©ales,11218
Madagascar,2013,CÃ©rÃ©ales Secondaires,9758
Madagascar,2014,CÃ©rÃ©ales Secondaires,6627
Madagascar,2015,CÃ©rÃ©ales Secondaires,7190
Madagascar,2013,Huiles vÃ©gÃ©tales,3422
Madagascar,2014,Huiles vÃ©gÃ©tales,500
Madagascar,2015,Huiles vÃ©gÃ©tales,512
"Madagascar,2013,""LÃ©gumineuses SÃ¨ches,Tot."",2043"
"Madagascar,2014,""LÃ©gumineuses SÃ¨ches,Tot."",888"
"Madagascar,2015,""LÃ©gumineuses SÃ¨ches,Tot."",1442"
Madagascar,2013,MÃ©langes et prÃ©parations,1918
Madagascar,2014,MÃ©langes et prÃ©parations,1035
Madagascar,2015,MÃ©langes et prÃ©parations,1774
Madagascar,2013,Non-cÃ©rÃ©ales,5470
Madagascar,2014,Non-cÃ©rÃ©ales,1468
Madagascar,2015,Non-cÃ©rÃ©ales,1963
"Madagascar,2013,""Riz, total"",7045"
"Madagascar,2014,""Riz, total"",1837"
"Madagascar,2015,""Riz, total"",2254"
Malawi,2013,Autres non-cÃ©rÃ©ales,63
Malawi,2014,Autres non-cÃ©rÃ©ales,154
Malawi,2015,Autres non-cÃ©rÃ©ales,74
Malawi,2013,BlÃ© et Farin,15000
Malawi,2013,CÃ©rÃ©ales,18103
Malawi,2014,CÃ©rÃ©ales,11327
Malawi,2015,CÃ©rÃ©ales,3053
Malawi,2013,Huiles vÃ©gÃ©tales,6078
Malawi,2014,Huiles vÃ©gÃ©tales,49
Malawi,2015,Huiles vÃ©gÃ©tales,1027
"Malawi,2013,""LÃ©gumineuses SÃ¨ches,Tot."",2479"
"Malawi,2014,""LÃ©gumineuses SÃ¨ches,Tot."",695"
"Malawi,2015,""LÃ©gumineuses SÃ¨ches,Tot."",1549"
"Malawi,2016,""LÃ©gumineuses SÃ¨ches,Tot."",860"
Malawi,2013,MÃ©langes et prÃ©parations,3103
Malawi,2014,MÃ©langes et prÃ©parations,11327
Malawi,2015,MÃ©langes et prÃ©parations,3053
Malawi,2013,Non-cÃ©rÃ©ales,8620
Malawi,2014,Non-cÃ©rÃ©ales,898
Malawi,2015,Non-cÃ©rÃ©ales,2650
Malawi,2016,Non-cÃ©rÃ©ales,860
Mali,2013,Autres non-cÃ©rÃ©ales,853
Mali,2014,Autres non-cÃ©rÃ©ales,706
Mali,2015,Autres non-cÃ©rÃ©ales,66
Mali,2013,BlÃ© et Farin,1674
Mali,2014,BlÃ© et Farin,10000
Mali,2013,BulgurFarEnt,2868
Mali,2013,CÃ©rÃ©ales,24688
Mali,2014,CÃ©rÃ©ales,19146
Mali,2015,CÃ©rÃ©ales,1665
Mali,2013,Huiles vÃ©gÃ©tales,6955
Mali,2014,Huiles vÃ©gÃ©tales,2107
Mali,2015,Huiles vÃ©gÃ©tales,2420
"Mali,2013,""LÃ©gumineuses SÃ¨ches,Tot."",7747"
"Mali,2014,""LÃ©gumineuses SÃ¨ches,Tot."",6163"
"Mali,2015,""LÃ©gumineuses SÃ¨ches,Tot."",2277"
Mali,2013,MÃ©langes et prÃ©parations,3802
Mali,2014,MÃ©langes et prÃ©parations,8317
Mali,2015,MÃ©langes et prÃ©parations,1665
Mali,2013,Non-cÃ©rÃ©ales,15555
Mali,2014,Non-cÃ©rÃ©ales,8976
Mali,2015,Non-cÃ©rÃ©ales,4763
"Mali,2013,""Riz, total"",16344"
"Mali,2014,""Riz, total"",829"
Mauritanie,2013,Autres non-cÃ©rÃ©ales,89
Mauritanie,2014,Autres non-cÃ©rÃ©ales,169
Mauritanie,2015,Autres non-cÃ©rÃ©ales,67
Mauritanie,2015,BlÃ© et Farin,2040
Mauritanie,2013,CÃ©rÃ©ales,8456
Mauritanie,2014,CÃ©rÃ©ales,3166
Mauritanie,2015,CÃ©rÃ©ales,6028
Mauritanie,2016,CÃ©rÃ©ales,1493
"Mauritanie,2013,""Fruits secs, total"",153"
"Mauritanie,2015,""Fruits secs, total"",504"
"Mauritanie,2016,""Fruits secs, total"",72"
Mauritanie,2013,Huiles vÃ©gÃ©tales,957
Mauritanie,2014,Huiles vÃ©gÃ©tales,2437
Mauritanie,2015,Huiles vÃ©gÃ©tales,268
"Mauritanie,2013,""LÃ©gumineuses SÃ¨ches,Tot."",3133"
"Mauritanie,2014,""LÃ©gumineuses SÃ¨ches,Tot."",1116"
"Mauritanie,2015,""LÃ©gumineuses SÃ¨ches,Tot."",483"
Mauritanie,2013,MÃ©langes et prÃ©parations,1560
Mauritanie,2014,MÃ©langes et prÃ©parations,358
Mauritanie,2015,MÃ©langes et prÃ©parations,2393
Mauritanie,2013,Non-cÃ©rÃ©ales,4332
Mauritanie,2014,Non-cÃ©rÃ©ales,3722
Mauritanie,2015,Non-cÃ©rÃ©ales,1322
Mauritanie,2016,Non-cÃ©rÃ©ales,72
"Mauritanie,2013,""Riz, total"",6896"
"Mauritanie,2014,""Riz, total"",2808"
"Mauritanie,2015,""Riz, total"",1595"
"Mauritanie,2016,""Riz, total"",1493"
Mozambique,2013,CÃ©rÃ©ales,7908
Mozambique,2014,CÃ©rÃ©ales,2209
Mozambique,2015,CÃ©rÃ©ales,1619
Mozambique,2013,CÃ©rÃ©ales Secondaires,504
Mozambique,2013,Huiles vÃ©gÃ©tales,11070
Mozambique,2014,Huiles vÃ©gÃ©tales,6500
Mozambique,2013,MÃ©langes et prÃ©parations,7404
Mozambique,2014,MÃ©langes et prÃ©parations,2209
Mozambique,2015,MÃ©langes et prÃ©parations,1619
Mozambique,2013,Non-cÃ©rÃ©ales,11070
Mozambique,2014,Non-cÃ©rÃ©ales,6500
Myanmar,2014,Autres non-cÃ©rÃ©ales,5
Myanmar,2013,CÃ©rÃ©ales,714
Myanmar,2014,CÃ©rÃ©ales,691
Myanmar,2015,CÃ©rÃ©ales,1221
Myanmar,2013,Huiles vÃ©gÃ©tales,2410
Myanmar,2014,Huiles vÃ©gÃ©tales,1873
Myanmar,2015,Huiles vÃ©gÃ©tales,2356
Myanmar,2013,MÃ©langes et prÃ©parations,714
Myanmar,2014,MÃ©langes et prÃ©parations,610
Myanmar,2015,MÃ©langes et prÃ©parations,1221
Myanmar,2013,Non-cÃ©rÃ©ales,2410
Myanmar,2014,Non-cÃ©rÃ©ales,1883
Myanmar,2015,Non-cÃ©rÃ©ales,2356
"Myanmar,2014,""Riz, total"",81"
"Myanmar,2014,""Sucre, total"",5"
NÃ©pal,2015,Autres non-cÃ©rÃ©ales,23
NÃ©pal,2013,CÃ©rÃ©ales,5283
NÃ©pal,2014,CÃ©rÃ©ales,150
NÃ©pal,2015,CÃ©rÃ©ales,5498
NÃ©pal,2016,CÃ©rÃ©ales,1362
NÃ©pal,2013,Huiles vÃ©gÃ©tales,377
NÃ©pal,2014,Huiles vÃ©gÃ©tales,275
NÃ©pal,2015,Huiles vÃ©gÃ©tales,452
NÃ©pal,2016,Huiles vÃ©gÃ©tales,380
"NÃ©pal,2013,""LÃ©gumineuses SÃ¨ches,Tot."",474"
"NÃ©pal,2014,""LÃ©gumineuses SÃ¨ches,Tot."",220"
"NÃ©pal,2015,""LÃ©gumineuses SÃ¨ches,Tot."",520"
NÃ©pal,2013,MÃ©langes et prÃ©parations,2647
NÃ©pal,2015,MÃ©langes et prÃ©parations,4028
NÃ©pal,2016,MÃ©langes et prÃ©parations,1232
NÃ©pal,2013,Non-cÃ©rÃ©ales,915
NÃ©pal,2014,Non-cÃ©rÃ©ales,495
NÃ©pal,2015,Non-cÃ©rÃ©ales,995
NÃ©pal,2016,Non-cÃ©rÃ©ales,380
"NÃ©pal,2013,""Riz, total"",2636"
"NÃ©pal,2014,""Riz, total"",150"
"NÃ©pal,2015,""Riz, total"",1470"
"NÃ©pal,2016,""Riz, total"",130"
"NÃ©pal,2013,""Sucre, total"",64"
Nicaragua,2013,Autres non-cÃ©rÃ©ales,368
Nicaragua,2014,Autres non-cÃ©rÃ©ales,190
Nicaragua,2014,BlÃ© et Farin,290
Nicaragua,2015,BlÃ© et Farin,18800
Nicaragua,2013,CÃ©rÃ©ales,4509
Nicaragua,2014,CÃ©rÃ©ales,3143
Nicaragua,2015,CÃ©rÃ©ales,19445
Nicaragua,2016,CÃ©rÃ©ales,638
Nicaragua,2015,CÃ©rÃ©ales Secondaires,170
"Nicaragua,2013,""Fruits secs, total"",136"
"Nicaragua,2015,""Fruits secs, total"",72"
"Nicaragua,2016,""Fruits secs, total"",234"
Nicaragua,2013,Huiles vÃ©gÃ©tales,3923
Nicaragua,2014,Huiles vÃ©gÃ©tales,4189
Nicaragua,2015,Huiles vÃ©gÃ©tales,4180
"Nicaragua,2013,""Lait, total"",200"
"Nicaragua,2014,""Lait, total"",150"
"Nicaragua,2015,""Lait, total"",225"
"Nicaragua,2013,""LÃ©gumineuses SÃ¨ches,Tot."",6390"
"Nicaragua,2014,""LÃ©gumineuses SÃ¨ches,Tot."",9380"
"Nicaragua,2015,""LÃ©gumineuses SÃ¨ches,Tot."",294"
Nicaragua,2013,MÃ©langes et prÃ©parations,1873
Nicaragua,2014,MÃ©langes et prÃ©parations,1423
Nicaragua,2015,MÃ©langes et prÃ©parations,150
Nicaragua,2016,MÃ©langes et prÃ©parations,497
Nicaragua,2013,Non-cÃ©rÃ©ales,11017
Nicaragua,2014,Non-cÃ©rÃ©ales,13909
Nicaragua,2015,Non-cÃ©rÃ©ales,4771
Nicaragua,2016,Non-cÃ©rÃ©ales,234
"Nicaragua,2013,""Riz, total"",2636"
"Nicaragua,2014,""Riz, total"",1430"
"Nicaragua,2015,""Riz, total"",325"
"Nicaragua,2016,""Riz, total"",141"
Niger,2013,Autres non-cÃ©rÃ©ales,1149
Niger,2014,Autres non-cÃ©rÃ©ales,1230
Niger,2015,Autres non-cÃ©rÃ©ales,22
Niger,2016,Autres non-cÃ©rÃ©ales,19
Niger,2013,BulgurFarEnt,5274
Niger,2014,BulgurFarEnt,2748
Niger,2015,BulgurFarEnt,2619
Niger,2013,CÃ©rÃ©ales,26716
Niger,2014,CÃ©rÃ©ales,27096
Niger,2015,CÃ©rÃ©ales,21534
Niger,2016,CÃ©rÃ©ales,40386
Niger,2013,Huiles vÃ©gÃ©tales,1351
Niger,2014,Huiles vÃ©gÃ©tales,1916
Niger,2015,Huiles vÃ©gÃ©tales,1945
Niger,2016,Huiles vÃ©gÃ©tales,1043
"Niger,2013,""LÃ©gumineuses SÃ¨ches,Tot."",2144"
"Niger,2014,""LÃ©gumineuses SÃ¨ches,Tot."",2871"
"Niger,2015,""LÃ©gumineuses SÃ¨ches,Tot."",3827"
"Niger,2016,""LÃ©gumineuses SÃ¨ches,Tot."",4923"
Niger,2013,MÃ©langes et prÃ©parations,10383
Niger,2014,MÃ©langes et prÃ©parations,12740
Niger,2015,MÃ©langes et prÃ©parations,9994
Niger,2016,MÃ©langes et prÃ©parations,5861
Niger,2013,Non-cÃ©rÃ©ales,4644
Niger,2014,Non-cÃ©rÃ©ales,6017
Niger,2015,Non-cÃ©rÃ©ales,5794
Niger,2016,Non-cÃ©rÃ©ales,5985
"Niger,2013,""Riz, total"",11059"
"Niger,2014,""Riz, total"",11608"
"Niger,2015,""Riz, total"",8921"
"Niger,2016,""Riz, total"",34525"
Ouganda,2015,Autres non-cÃ©rÃ©ales,4
Ouganda,2013,CÃ©rÃ©ales,8356
Ouganda,2014,CÃ©rÃ©ales,13359
Ouganda,2015,CÃ©rÃ©ales,1578
Ouganda,2013,CÃ©rÃ©ales Secondaires,6435
Ouganda,2014,CÃ©rÃ©ales Secondaires,10375
Ouganda,2015,CÃ©rÃ©ales Secondaires,1578
Ouganda,2013,Huiles vÃ©gÃ©tales,681
Ouganda,2014,Huiles vÃ©gÃ©tales,2144
Ouganda,2015,Huiles vÃ©gÃ©tales,470
"Ouganda,2013,""LÃ©gumineuses SÃ¨ches,Tot."",1800"
"Ouganda,2014,""LÃ©gumineuses SÃ¨ches,Tot."",2768"
"Ouganda,2015,""LÃ©gumineuses SÃ¨ches,Tot."",1105"
Ouganda,2013,MÃ©langes et prÃ©parations,1803
Ouganda,2014,MÃ©langes et prÃ©parations,2984
Ouganda,2013,Non-cÃ©rÃ©ales,2527
Ouganda,2014,Non-cÃ©rÃ©ales,4912
Ouganda,2015,Non-cÃ©rÃ©ales,1579
"Ouganda,2013,""Riz, total"",118"
"Ouganda,2013,""Sucre, total"",46"
Pakistan,2013,Autres non-cÃ©rÃ©ales,9
Pakistan,2014,Autres non-cÃ©rÃ©ales,530
Pakistan,2015,Autres non-cÃ©rÃ©ales,530
Pakistan,2013,CÃ©rÃ©ales,29141
Pakistan,2014,CÃ©rÃ©ales,32889
"Pakistan,2013,""Fruits secs, total"",158"
"Pakistan,2014,""Fruits secs, total"",150"
Pakistan,2013,Huiles vÃ©gÃ©tales,7193
Pakistan,2014,Huiles vÃ©gÃ©tales,10776
Pakistan,2015,Huiles vÃ©gÃ©tales,9190
"Pakistan,2013,""LÃ©gumineuses SÃ¨ches,Tot."",14181"
"Pakistan,2014,""LÃ©gumineuses SÃ¨ches,Tot."",10789"
Pakistan,2013,MÃ©langes et prÃ©parations,2963
Pakistan,2014,MÃ©langes et prÃ©parations,6005
Pakistan,2013,Non-cÃ©rÃ©ales,21541
Pakistan,2014,Non-cÃ©rÃ©ales,22245
Pakistan,2015,Non-cÃ©rÃ©ales,9720
"Pakistan,2013,""Riz, total"",26178"
"Pakistan,2014,""Riz, total"",26884"
Palestine,2013,BlÃ© et Farin,20167
Palestine,2014,BlÃ© et Farin,35208
Palestine,2015,BlÃ© et Farin,15390
Palestine,2013,CÃ©rÃ©ales,20167
Palestine,2014,CÃ©rÃ©ales,35208
Palestine,2015,CÃ©rÃ©ales,15390
Palestine,2013,Huiles vÃ©gÃ©tales,2998
Palestine,2014,Huiles vÃ©gÃ©tales,2484
Palestine,2015,Huiles vÃ©gÃ©tales,468
"Palestine,2013,""LÃ©gumineuses SÃ¨ches,Tot."",1710"
"Palestine,2014,""LÃ©gumineuses SÃ¨ches,Tot."",2286"
"Palestine,2015,""LÃ©gumineuses SÃ¨ches,Tot."",774"
Palestine,2013,Non-cÃ©rÃ©ales,6476
Palestine,2014,Non-cÃ©rÃ©ales,6359
Palestine,2015,Non-cÃ©rÃ©ales,1242
Palestine,2013,Poiss&produi,148
Palestine,2014,Poiss&produi,95
"Palestine,2013,""Sucre, total"",1620"
"Palestine,2014,""Sucre, total"",1494"
Philippines,2013,Autres non-cÃ©rÃ©ales,158
Philippines,2014,Autres non-cÃ©rÃ©ales,144
Philippines,2015,Autres non-cÃ©rÃ©ales,43
Philippines,2013,CÃ©rÃ©ales,30262
Philippines,2014,CÃ©rÃ©ales,31140
Philippines,2015,CÃ©rÃ©ales,1944
"Philippines,2013,""Fruits secs, total"",153"
Philippines,2013,Huiles vÃ©gÃ©tales,109
Philippines,2014,Huiles vÃ©gÃ©tales,238
"Philippines,2013,""LÃ©gumineuses SÃ¨ches,Tot."",400"
"Philippines,2014,""LÃ©gumineuses SÃ¨ches,Tot."",21190"
"Philippines,2015,""LÃ©gumineuses SÃ¨ches,Tot."",80"
Philippines,2013,Non-cÃ©rÃ©ales,820
Philippines,2014,Non-cÃ©rÃ©ales,21572
Philippines,2015,Non-cÃ©rÃ©ales,123
"Philippines,2013,""Riz, total"",30262"
"Philippines,2014,""Riz, total"",31140"
"Philippines,2015,""Riz, total"",1944"
RÃ©publique arabe syrienne,2013,Autres non-cÃ©rÃ©ales,559
RÃ©publique arabe syrienne,2014,Autres non-cÃ©rÃ©ales,30
RÃ©publique arabe syrienne,2015,Autres non-cÃ©rÃ©ales,3196
RÃ©publique arabe syrienne,2013,BlÃ© et Farin,122708
RÃ©publique arabe syrienne,2014,BlÃ© et Farin,103823
RÃ©publique arabe syrienne,2015,BlÃ© et Farin,68726
RÃ©publique arabe syrienne,2016,BlÃ© et Farin,11428
RÃ©publique arabe syrienne,2013,BulgurFarEnt,12033
RÃ©publique arabe syrienne,2014,BulgurFarEnt,47816
RÃ©publique arabe syrienne,2015,BulgurFarEnt,24673
RÃ©publique arabe syrienne,2016,BulgurFarEnt,8581
RÃ©publique arabe syrienne,2013,CÃ©rÃ©ales,189623
RÃ©publique arabe syrienne,2014,CÃ©rÃ©ales,225007
RÃ©publique arabe syrienne,2015,CÃ©rÃ©ales,181475
RÃ©publique arabe syrienne,2016,CÃ©rÃ©ales,29569
RÃ©publique arabe syrienne,2013,Graisses Com,50
RÃ©publique arabe syrienne,2013,Huiles vÃ©gÃ©tales,27721
RÃ©publique arabe syrienne,2014,Huiles vÃ©gÃ©tales,10717
RÃ©publique arabe syrienne,2015,Huiles vÃ©gÃ©tales,3698
"RÃ©publique arabe syrienne,2013,""Lait, total"",1280"
"RÃ©publique arabe syrienne,2014,""Lait, total"",1438"
"RÃ©publique arabe syrienne,2013,""LÃ©gumineuses SÃ¨ches,Tot."",39032"
"RÃ©publique arabe syrienne,2014,""LÃ©gumineuses SÃ¨ches,Tot."",80947"
"RÃ©publique arabe syrienne,2015,""LÃ©gumineuses SÃ¨ches,Tot."",44995"
"RÃ©publique arabe syrienne,2016,""LÃ©gumineuses SÃ¨ches,Tot."",21752"
RÃ©publique arabe syrienne,2013,Non-cÃ©rÃ©ales,92273
RÃ©publique arabe syrienne,2014,Non-cÃ©rÃ©ales,101209
RÃ©publique arabe syrienne,2015,Non-cÃ©rÃ©ales,81052
RÃ©publique arabe syrienne,2016,Non-cÃ©rÃ©ales,29710
RÃ©publique arabe syrienne,2013,Poiss&produi,789
"RÃ©publique arabe syrienne,2013,""Riz, total"",54882"
"RÃ©publique arabe syrienne,2014,""Riz, total"",73368"
"RÃ©publique arabe syrienne,2015,""Riz, total"",88076"
"RÃ©publique arabe syrienne,2016,""Riz, total"",9560"
"RÃ©publique arabe syrienne,2013,""Sucre, total"",22616"
"RÃ©publique arabe syrienne,2014,""Sucre, total"",7515"
"RÃ©publique arabe syrienne,2015,""Sucre, total"",29058"
"RÃ©publique arabe syrienne,2016,""Sucre, total"",7958"
RÃ©publique centrafricaine,2013,Autres non-cÃ©rÃ©ales,112
RÃ©publique centrafricaine,2014,Autres non-cÃ©rÃ©ales,1412
RÃ©publique centrafricaine,2015,Autres non-cÃ©rÃ©ales,105
RÃ©publique centrafricaine,2013,CÃ©rÃ©ales,6391
RÃ©publique centrafricaine,2014,CÃ©rÃ©ales,9652
RÃ©publique centrafricaine,2015,CÃ©rÃ©ales,7146
RÃ©publique centrafricaine,2013,CÃ©rÃ©ales Secondaires,3803
RÃ©publique centrafricaine,2014,CÃ©rÃ©ales Secondaires,2852
RÃ©publique centrafricaine,2015,CÃ©rÃ©ales Secondaires,2595
RÃ©publique centrafricaine,2013,Huiles vÃ©gÃ©tales,722
RÃ©publique centrafricaine,2014,Huiles vÃ©gÃ©tales,739
RÃ©publique centrafricaine,2015,Huiles vÃ©gÃ©tales,1288
"RÃ©publique centrafricaine,2013,""LÃ©gumineuses SÃ¨ches,Tot."",1330"
"RÃ©publique centrafricaine,2014,""LÃ©gumineuses SÃ¨ches,Tot."",1906"
"RÃ©publique centrafricaine,2015,""LÃ©gumineuses SÃ¨ches,Tot."",2479"
RÃ©publique centrafricaine,2013,MÃ©langes et prÃ©parations,413
RÃ©publique centrafricaine,2014,MÃ©langes et prÃ©parations,3672
RÃ©publique centrafricaine,2015,MÃ©langes et prÃ©parations,580
RÃ©publique centrafricaine,2013,Non-cÃ©rÃ©ales,2187
RÃ©publique centrafricaine,2014,Non-cÃ©rÃ©ales,4057
RÃ©publique centrafricaine,2015,Non-cÃ©rÃ©ales,3872
"RÃ©publique centrafricaine,2013,""Riz, total"",2175"
"RÃ©publique centrafricaine,2014,""Riz, total"",3128"
"RÃ©publique centrafricaine,2015,""Riz, total"",3971"
"RÃ©publique centrafricaine,2013,""Sucre, total"",23"
RÃ©publique dÃ©mocratique du Congo,2013,Autres non-cÃ©rÃ©ales,684
RÃ©publique dÃ©mocratique du Congo,2014,Autres non-cÃ©rÃ©ales,831
RÃ©publique dÃ©mocratique du Congo,2015,Autres non-cÃ©rÃ©ales,649
RÃ©publique dÃ©mocratique du Congo,2013,CÃ©rÃ©ales,58011
RÃ©publique dÃ©mocratique du Congo,2014,CÃ©rÃ©ales,29662
RÃ©publique dÃ©mocratique du Congo,2015,CÃ©rÃ©ales,28365
RÃ©publique dÃ©mocratique du Congo,2013,CÃ©rÃ©ales Secondaires,24094
RÃ©publique dÃ©mocratique du Congo,2014,CÃ©rÃ©ales Secondaires,24084
RÃ©publique dÃ©mocratique du Congo,2015,CÃ©rÃ©ales Secondaires,446
RÃ©publique dÃ©mocratique du Congo,2013,Huiles vÃ©gÃ©tales,3605
RÃ©publique dÃ©mocratique du Congo,2014,Huiles vÃ©gÃ©tales,1261
RÃ©publique dÃ©mocratique du Congo,2015,Huiles vÃ©gÃ©tales,1440
"RÃ©publique dÃ©mocratique du Congo,2013,""LÃ©gumineuses SÃ¨ches,Tot."",12322"
"RÃ©publique dÃ©mocratique du Congo,2014,""LÃ©gumineuses SÃ¨ches,Tot."",3313"
"RÃ©publique dÃ©mocratique du Congo,2015,""LÃ©gumineuses SÃ¨ches,Tot."",3455"
RÃ©publique dÃ©mocratique du Congo,2013,MÃ©langes et prÃ©parations,8045
RÃ©publique dÃ©mocratique du Congo,2014,MÃ©langes et prÃ©parations,5578
RÃ©publique dÃ©mocratique du Congo,2015,MÃ©langes et prÃ©parations,27523
RÃ©publique dÃ©mocratique du Congo,2013,Non-cÃ©rÃ©ales,17149
RÃ©publique dÃ©mocratique du Congo,2014,Non-cÃ©rÃ©ales,5405
RÃ©publique dÃ©mocratique du Congo,2015,Non-cÃ©rÃ©ales,5659
"RÃ©publique dÃ©mocratique du Congo,2013,""Riz, total"",25872"
"RÃ©publique dÃ©mocratique du Congo,2015,""Riz, total"",396"
"RÃ©publique dÃ©mocratique du Congo,2013,""Sucre, total"",538"
"RÃ©publique dÃ©mocratique du Congo,2015,""Sucre, total"",115"
RÃ©publique dÃ©mocratique populaire lao,2013,Autres non-cÃ©rÃ©ales,176
RÃ©publique dÃ©mocratique populaire lao,2014,Autres non-cÃ©rÃ©ales,283
RÃ©publique dÃ©mocratique populaire lao,2015,Autres non-cÃ©rÃ©ales,229
RÃ©publique dÃ©mocratique populaire lao,2013,CÃ©rÃ©ales,3758
RÃ©publique dÃ©mocratique populaire lao,2014,CÃ©rÃ©ales,4434
RÃ©publique dÃ©mocratique populaire lao,2015,CÃ©rÃ©ales,2627
RÃ©publique dÃ©mocratique populaire lao,2013,Huiles vÃ©gÃ©tales,359
RÃ©publique dÃ©mocratique populaire lao,2014,Huiles vÃ©gÃ©tales,860
RÃ©publique dÃ©mocratique populaire lao,2015,Huiles vÃ©gÃ©tales,86
"RÃ©publique dÃ©mocratique populaire lao,2013,""LÃ©gumineuses SÃ¨ches,Tot."",297"
"RÃ©publique dÃ©mocratique populaire lao,2014,""LÃ©gumineuses SÃ¨ches,Tot."",70"
"RÃ©publique dÃ©mocratique populaire lao,2015,""LÃ©gumineuses SÃ¨ches,Tot."",70"
RÃ©publique dÃ©mocratique populaire lao,2013,MÃ©langes et prÃ©parations,2609
RÃ©publique dÃ©mocratique populaire lao,2014,MÃ©langes et prÃ©parations,1826
RÃ©publique dÃ©mocratique populaire lao,2015,MÃ©langes et prÃ©parations,1378
RÃ©publique dÃ©mocratique populaire lao,2013,Non-cÃ©rÃ©ales,832
RÃ©publique dÃ©mocratique populaire lao,2014,Non-cÃ©rÃ©ales,1213
RÃ©publique dÃ©mocratique populaire lao,2015,Non-cÃ©rÃ©ales,1136
RÃ©publique dÃ©mocratique populaire lao,2015,Poiss&produi,446
"RÃ©publique dÃ©mocratique populaire lao,2013,""Riz, total"",1149"
"RÃ©publique dÃ©mocratique populaire lao,2014,""Riz, total"",2608"
"RÃ©publique dÃ©mocratique populaire lao,2015,""Riz, total"",1249"
"RÃ©publique dÃ©mocratique populaire lao,2015,""Sucre, total"",305"
RÃ©publique dominicaine,2013,Autres non-cÃ©rÃ©ales,12
RÃ©publique dominicaine,2015,Autres non-cÃ©rÃ©ales,5
RÃ©publique dominicaine,2016,Autres non-cÃ©rÃ©ales,3
RÃ©publique dominicaine,2014,BlÃ© et Farin,17300
RÃ©publique dominicaine,2014,CÃ©rÃ©ales,17507
RÃ©publique dominicaine,2015,CÃ©rÃ©ales,113
RÃ©publique dominicaine,2016,CÃ©rÃ©ales,113
"RÃ©publique dominicaine,2013,""LÃ©gumineuses SÃ¨ches,Tot."",24500"
RÃ©publique dominicaine,2014,MÃ©langes et prÃ©parations,207
RÃ©publique dominicaine,2015,MÃ©langes et prÃ©parations,113
RÃ©publique dominicaine,2016,MÃ©langes et prÃ©parations,113
RÃ©publique dominicaine,2013,Non-cÃ©rÃ©ales,24512
RÃ©publique dominicaine,2015,Non-cÃ©rÃ©ales,5
RÃ©publique dominicaine,2016,Non-cÃ©rÃ©ales,3
RÃ©publique populaire dÃ©mocratique de CorÃ©e,2013,BlÃ© et Farin,25962
RÃ©publique populaire dÃ©mocratique de CorÃ©e,2014,BlÃ© et Farin,9684
RÃ©publique populaire dÃ©mocratique de CorÃ©e,2015,BlÃ© et Farin,13485
RÃ©publique populaire dÃ©mocratique de CorÃ©e,2013,CÃ©rÃ©ales,29544
RÃ©publique populaire dÃ©mocratique de CorÃ©e,2014,CÃ©rÃ©ales,16279
RÃ©publique populaire dÃ©mocratique de CorÃ©e,2015,CÃ©rÃ©ales,22335
RÃ©publique populaire dÃ©mocratique de CorÃ©e,2013,CÃ©rÃ©ales Secondaires,3582
RÃ©publique populaire dÃ©mocratique de CorÃ©e,2014,CÃ©rÃ©ales Secondaires,6395
RÃ©publique populaire dÃ©mocratique de CorÃ©e,2015,CÃ©rÃ©ales Secondaires,8625
RÃ©publique populaire dÃ©mocratique de CorÃ©e,2013,Huiles vÃ©gÃ©tales,1681
RÃ©publique populaire dÃ©mocratique de CorÃ©e,2014,Huiles vÃ©gÃ©tales,1280
RÃ©publique populaire dÃ©mocratique de CorÃ©e,2015,Huiles vÃ©gÃ©tales,3111
"RÃ©publique populaire dÃ©mocratique de CorÃ©e,2013,""Lait, total"",900"
"RÃ©publique populaire dÃ©mocratique de CorÃ©e,2014,""Lait, total"",1772"
"RÃ©publique populaire dÃ©mocratique de CorÃ©e,2015,""Lait, total"",1375"
"RÃ©publique populaire dÃ©mocratique de CorÃ©e,2016,""Lait, total"",775"
"RÃ©publique populaire dÃ©mocratique de CorÃ©e,2013,""LÃ©gumineuses SÃ¨ches,Tot."",1867"
"RÃ©publique populaire dÃ©mocratique de CorÃ©e,2014,""LÃ©gumineuses SÃ¨ches,Tot."",648"
"RÃ©publique populaire dÃ©mocratique de CorÃ©e,2015,""LÃ©gumineuses SÃ¨ches,Tot."",6776"
RÃ©publique populaire dÃ©mocratique de CorÃ©e,2013,Non-cÃ©rÃ©ales,6118
RÃ©publique populaire dÃ©mocratique de CorÃ©e,2014,Non-cÃ©rÃ©ales,5312
RÃ©publique populaire dÃ©mocratique de CorÃ©e,2015,Non-cÃ©rÃ©ales,12918
RÃ©publique populaire dÃ©mocratique de CorÃ©e,2016,Non-cÃ©rÃ©ales,1200
"RÃ©publique populaire dÃ©mocratique de CorÃ©e,2014,""Riz, total"",200"
"RÃ©publique populaire dÃ©mocratique de CorÃ©e,2015,""Riz, total"",225"
"RÃ©publique populaire dÃ©mocratique de CorÃ©e,2013,""Sucre, total"",1670"
"RÃ©publique populaire dÃ©mocratique de CorÃ©e,2014,""Sucre, total"",1612"
"RÃ©publique populaire dÃ©mocratique de CorÃ©e,2015,""Sucre, total"",1656"
"RÃ©publique populaire dÃ©mocratique de CorÃ©e,2016,""Sucre, total"",425"
RÃ©publique-Unie de Tanzanie,2013,BlÃ© et Farin,11830
RÃ©publique-Unie de Tanzanie,2014,BlÃ© et Farin,30000
RÃ©publique-Unie de Tanzanie,2015,BlÃ© et Farin,24000
RÃ©publique-Unie de Tanzanie,2013,CÃ©rÃ©ales,19345
RÃ©publique-Unie de Tanzanie,2014,CÃ©rÃ©ales,35455
RÃ©publique-Unie de Tanzanie,2015,CÃ©rÃ©ales,25311
RÃ©publique-Unie de Tanzanie,2013,CÃ©rÃ©ales Secondaires,3626
RÃ©publique-Unie de Tanzanie,2014,CÃ©rÃ©ales Secondaires,2760
"RÃ©publique-Unie de Tanzanie,2013,""Fruits secs, total"",153"
"RÃ©publique-Unie de Tanzanie,2015,""Fruits secs, total"",54"
RÃ©publique-Unie de Tanzanie,2013,Huiles vÃ©gÃ©tales,357
RÃ©publique-Unie de Tanzanie,2014,Huiles vÃ©gÃ©tales,368
RÃ©publique-Unie de Tanzanie,2015,Huiles vÃ©gÃ©tales,185
"RÃ©publique-Unie de Tanzanie,2013,""LÃ©gumineuses SÃ¨ches,Tot."",1703"
"RÃ©publique-Unie de Tanzanie,2014,""LÃ©gumineuses SÃ¨ches,Tot."",2480"
"RÃ©publique-Unie de Tanzanie,2015,""LÃ©gumineuses SÃ¨ches,Tot."",600"
RÃ©publique-Unie de Tanzanie,2013,MÃ©langes et prÃ©parations,2560
RÃ©publique-Unie de Tanzanie,2014,MÃ©langes et prÃ©parations,1925
RÃ©publique-Unie de Tanzanie,2015,MÃ©langes et prÃ©parations,1311
RÃ©publique-Unie de Tanzanie,2013,Non-cÃ©rÃ©ales,2213
RÃ©publique-Unie de Tanzanie,2014,Non-cÃ©rÃ©ales,2848
RÃ©publique-Unie de Tanzanie,2015,Non-cÃ©rÃ©ales,839
"RÃ©publique-Unie de Tanzanie,2013,""Riz, total"",1329"
"RÃ©publique-Unie de Tanzanie,2014,""Riz, total"",770"
Rwanda,2013,CÃ©rÃ©ales,3139
Rwanda,2014,CÃ©rÃ©ales,880
Rwanda,2013,Huiles vÃ©gÃ©tales,689
Rwanda,2014,Huiles vÃ©gÃ©tales,312
"Rwanda,2013,""LÃ©gumineuses SÃ¨ches,Tot."",638"
Rwanda,2013,MÃ©langes et prÃ©parations,497
Rwanda,2014,MÃ©langes et prÃ©parations,880
Rwanda,2013,Non-cÃ©rÃ©ales,1327
Rwanda,2014,Non-cÃ©rÃ©ales,358
"Rwanda,2013,""Riz, total"",2642"
"Rwanda,2014,""Sucre, total"",46"
Sao TomÃ©-et-Principe,2013,CÃ©rÃ©ales,280
Sao TomÃ©-et-Principe,2014,CÃ©rÃ©ales,428
Sao TomÃ©-et-Principe,2013,Huiles vÃ©gÃ©tales,36
"Sao TomÃ©-et-Principe,2013,""LÃ©gumineuses SÃ¨ches,Tot."",129"
"Sao TomÃ©-et-Principe,2014,""LÃ©gumineuses SÃ¨ches,Tot."",40"
Sao TomÃ©-et-Principe,2013,Non-cÃ©rÃ©ales,165
Sao TomÃ©-et-Principe,2014,Non-cÃ©rÃ©ales,40
"Sao TomÃ©-et-Principe,2013,""Riz, total"",280"
"Sao TomÃ©-et-Principe,2014,""Riz, total"",428"
SÃ©nÃ©gal,2013,Autres non-cÃ©rÃ©ales,332
SÃ©nÃ©gal,2014,Autres non-cÃ©rÃ©ales,47
SÃ©nÃ©gal,2015,Autres non-cÃ©rÃ©ales,117
SÃ©nÃ©gal,2013,BulgurFarEnt,630
SÃ©nÃ©gal,2013,CÃ©rÃ©ales,4260
SÃ©nÃ©gal,2014,CÃ©rÃ©ales,7346
SÃ©nÃ©gal,2015,CÃ©rÃ©ales,1814
SÃ©nÃ©gal,2013,Huiles vÃ©gÃ©tales,1101
SÃ©nÃ©gal,2014,Huiles vÃ©gÃ©tales,427
SÃ©nÃ©gal,2015,Huiles vÃ©gÃ©tales,10019
"SÃ©nÃ©gal,2013,""LÃ©gumineuses SÃ¨ches,Tot."",9901"
"SÃ©nÃ©gal,2014,""LÃ©gumineuses SÃ¨ches,Tot."",9180"
SÃ©nÃ©gal,2013,MÃ©langes et prÃ©parations,2755
SÃ©nÃ©gal,2014,MÃ©langes et prÃ©parations,1644
SÃ©nÃ©gal,2015,MÃ©langes et prÃ©parations,184
SÃ©nÃ©gal,2013,Non-cÃ©rÃ©ales,11671
SÃ©nÃ©gal,2014,Non-cÃ©rÃ©ales,9654
SÃ©nÃ©gal,2015,Non-cÃ©rÃ©ales,10136
SÃ©nÃ©gal,2013,Poiss&produi,337
"SÃ©nÃ©gal,2013,""Riz, total"",875"
"SÃ©nÃ©gal,2014,""Riz, total"",5702"
"SÃ©nÃ©gal,2015,""Riz, total"",1630"
Sierra Leone,2013,BulgurFarEnt,1188
Sierra Leone,2014,BulgurFarEnt,1738
Sierra Leone,2013,CÃ©rÃ©ales,8031
Sierra Leone,2014,CÃ©rÃ©ales,2858
Sierra Leone,2015,CÃ©rÃ©ales,268
Sierra Leone,2013,Huiles vÃ©gÃ©tales,670
Sierra Leone,2014,Huiles vÃ©gÃ©tales,410
"Sierra Leone,2013,""LÃ©gumineuses SÃ¨ches,Tot."",240"
"Sierra Leone,2014,""LÃ©gumineuses SÃ¨ches,Tot."",310"
"Sierra Leone,2015,""LÃ©gumineuses SÃ¨ches,Tot."",184"
Sierra Leone,2013,MÃ©langes et prÃ©parations,1018
Sierra Leone,2014,MÃ©langes et prÃ©parations,1120
Sierra Leone,2015,MÃ©langes et prÃ©parations,268
Sierra Leone,2013,Non-cÃ©rÃ©ales,910
Sierra Leone,2014,Non-cÃ©rÃ©ales,720
Sierra Leone,2015,Non-cÃ©rÃ©ales,184
"Sierra Leone,2013,""Riz, total"",5825"
Somalie,2013,Autres non-cÃ©rÃ©ales,1600
Somalie,2014,Autres non-cÃ©rÃ©ales,1237
Somalie,2015,Autres non-cÃ©rÃ©ales,596
Somalie,2013,BlÃ© et Farin,556
Somalie,2015,BlÃ© et Farin,560
Somalie,2013,CÃ©rÃ©ales,56643
Somalie,2014,CÃ©rÃ©ales,32131
Somalie,2015,CÃ©rÃ©ales,30626
Somalie,2013,CÃ©rÃ©ales Secondaires,43100
Somalie,2014,CÃ©rÃ©ales Secondaires,24370
Somalie,2015,CÃ©rÃ©ales Secondaires,25470
"Somalie,2013,""Fruits secs, total"",221"
"Somalie,2015,""Fruits secs, total"",54"
Somalie,2013,Huiles vÃ©gÃ©tales,3959
Somalie,2014,Huiles vÃ©gÃ©tales,2279
Somalie,2015,Huiles vÃ©gÃ©tales,1690
"Somalie,2014,""Lait, total"",651"
"Somalie,2013,""LÃ©gumineuses SÃ¨ches,Tot."",7477"
"Somalie,2014,""LÃ©gumineuses SÃ¨ches,Tot."",4292"
"Somalie,2015,""LÃ©gumineuses SÃ¨ches,Tot."",2883"
Somalie,2013,MÃ©langes et prÃ©parations,9837
Somalie,2014,MÃ©langes et prÃ©parations,7761
Somalie,2015,MÃ©langes et prÃ©parations,4596
Somalie,2013,Non-cÃ©rÃ©ales,13257
Somalie,2014,Non-cÃ©rÃ©ales,8459
Somalie,2015,Non-cÃ©rÃ©ales,5223
"Somalie,2013,""Riz, total"",3150"
Soudan,2014,Autres non-cÃ©rÃ©ales,250
Soudan,2015,Autres non-cÃ©rÃ©ales,255
Soudan,2014,BlÃ© et Farin,1672
Soudan,2015,BlÃ© et Farin,2183
Soudan,2013,CÃ©rÃ©ales,140255
Soudan,2014,CÃ©rÃ©ales,145696
Soudan,2015,CÃ©rÃ©ales,5988
Soudan,2013,CÃ©rÃ©ales Secondaires,130677
Soudan,2014,CÃ©rÃ©ales Secondaires,133830
Soudan,2013,Huiles vÃ©gÃ©tales,6251
Soudan,2014,Huiles vÃ©gÃ©tales,3960
Soudan,2015,Huiles vÃ©gÃ©tales,110
"Soudan,2013,""Lait, total"",900"
"Soudan,2014,""Lait, total"",825"
"Soudan,2013,""LÃ©gumineuses SÃ¨ches,Tot."",17663"
"Soudan,2014,""LÃ©gumineuses SÃ¨ches,Tot."",10221"
"Soudan,2015,""LÃ©gumineuses SÃ¨ches,Tot."",2472"
Soudan,2013,MÃ©langes et prÃ©parations,9578
Soudan,2014,MÃ©langes et prÃ©parations,10194
Soudan,2015,MÃ©langes et prÃ©parations,3805
Soudan,2013,Non-cÃ©rÃ©ales,24860
Soudan,2014,Non-cÃ©rÃ©ales,15256
Soudan,2015,Non-cÃ©rÃ©ales,2837
"Soudan,2013,""Sucre, total"",46"
Soudan du Sud,2013,Autres non-cÃ©rÃ©ales,372
Soudan du Sud,2014,Autres non-cÃ©rÃ©ales,3550
Soudan du Sud,2015,Autres non-cÃ©rÃ©ales,428
Soudan du Sud,2013,CÃ©rÃ©ales,83113
Soudan du Sud,2014,CÃ©rÃ©ales,213730
Soudan du Sud,2015,CÃ©rÃ©ales,13851
Soudan du Sud,2013,CÃ©rÃ©ales Secondaires,83113
Soudan du Sud,2014,CÃ©rÃ©ales Secondaires,213730
Soudan du Sud,2015,CÃ©rÃ©ales Secondaires,9000
Soudan du Sud,2013,Huiles vÃ©gÃ©tales,4936
Soudan du Sud,2014,Huiles vÃ©gÃ©tales,3731
Soudan du Sud,2015,Huiles vÃ©gÃ©tales,3844
"Soudan du Sud,2013,""LÃ©gumineuses SÃ¨ches,Tot."",9593"
"Soudan du Sud,2014,""LÃ©gumineuses SÃ¨ches,Tot."",3961"
"Soudan du Sud,2015,""LÃ©gumineuses SÃ¨ches,Tot."",6031"
Soudan du Sud,2015,MÃ©langes et prÃ©parations,301
Soudan du Sud,2013,Non-cÃ©rÃ©ales,15052
Soudan du Sud,2014,Non-cÃ©rÃ©ales,11575
Soudan du Sud,2015,Non-cÃ©rÃ©ales,10303
"Soudan du Sud,2015,""Riz, total"",4550"
"Soudan du Sud,2013,""Sucre, total"",151"
"Soudan du Sud,2014,""Sucre, total"",333"
Sri Lanka,2013,CÃ©rÃ©ales,2116
Sri Lanka,2014,CÃ©rÃ©ales,1392
Sri Lanka,2015,CÃ©rÃ©ales,898
"Sri Lanka,2013,""Fruits secs, total"",238"
"Sri Lanka,2015,""Fruits secs, total"",54"
Sri Lanka,2013,Huiles vÃ©gÃ©tales,385
Sri Lanka,2014,Huiles vÃ©gÃ©tales,569
Sri Lanka,2015,Huiles vÃ©gÃ©tales,328
Sri Lanka,2016,Huiles vÃ©gÃ©tales,164
"Sri Lanka,2013,""LÃ©gumineuses SÃ¨ches,Tot."",974"
"Sri Lanka,2014,""LÃ©gumineuses SÃ¨ches,Tot."",963"
"Sri Lanka,2015,""LÃ©gumineuses SÃ¨ches,Tot."",482"
Sri Lanka,2013,MÃ©langes et prÃ©parations,1007
Sri Lanka,2014,MÃ©langes et prÃ©parations,221
Sri Lanka,2015,MÃ©langes et prÃ©parations,346
Sri Lanka,2013,Non-cÃ©rÃ©ales,1710
Sri Lanka,2014,Non-cÃ©rÃ©ales,2131
Sri Lanka,2015,Non-cÃ©rÃ©ales,864
Sri Lanka,2016,Non-cÃ©rÃ©ales,164
Sri Lanka,2013,Poiss&produi,112
Sri Lanka,2014,Poiss&produi,595
"Sri Lanka,2013,""Riz, total"",1109"
"Sri Lanka,2014,""Riz, total"",1171"
"Sri Lanka,2015,""Riz, total"",552"
"Sri Lanka,2013,""Sucre, total"",1"
"Sri Lanka,2014,""Sucre, total"",4"
"Sri Lanka,2015,""Sucre, total"",0"
Swaziland,2013,CÃ©rÃ©ales,3854
Swaziland,2014,CÃ©rÃ©ales,775
Swaziland,2013,CÃ©rÃ©ales Secondaires,372
Swaziland,2013,Huiles vÃ©gÃ©tales,478
Swaziland,2014,Huiles vÃ©gÃ©tales,54
"Swaziland,2013,""LÃ©gumineuses SÃ¨ches,Tot."",2077"
"Swaziland,2014,""LÃ©gumineuses SÃ¨ches,Tot."",526"
Swaziland,2013,MÃ©langes et prÃ©parations,476
Swaziland,2013,Non-cÃ©rÃ©ales,2555
Swaziland,2014,Non-cÃ©rÃ©ales,580
"Swaziland,2013,""Riz, total"",3006"
"Swaziland,2014,""Riz, total"",775"
Tadjikistan,2013,Autres non-cÃ©rÃ©ales,32
Tadjikistan,2014,Autres non-cÃ©rÃ©ales,58
Tadjikistan,2013,BlÃ© et Farin,22
Tadjikistan,2014,BlÃ© et Farin,23
Tadjikistan,2013,CÃ©rÃ©ales,78
Tadjikistan,2014,CÃ©rÃ©ales,146
Tadjikistan,2014,CÃ©rÃ©ales Secondaires,40
Tadjikistan,2013,Huiles vÃ©gÃ©tales,200
Tadjikistan,2014,Huiles vÃ©gÃ©tales,238
"Tadjikistan,2013,""Lait, total"",25"
"Tadjikistan,2014,""Lait, total"",147"
"Tadjikistan,2015,""Lait, total"",0"
"Tadjikistan,2013,""LÃ©gumineuses SÃ¨ches,Tot."",38"
Tadjikistan,2013,MÃ©langes et prÃ©parations,49
Tadjikistan,2014,MÃ©langes et prÃ©parations,57
Tadjikistan,2013,Non-cÃ©rÃ©ales,295
Tadjikistan,2014,Non-cÃ©rÃ©ales,495
Tadjikistan,2015,Non-cÃ©rÃ©ales,0
"Tadjikistan,2013,""Riz, total"",7"
"Tadjikistan,2014,""Riz, total"",26"
Tadjikistan,2014,Viande Total,52
Tchad,2013,Autres non-cÃ©rÃ©ales,1705
Tchad,2014,Autres non-cÃ©rÃ©ales,773
Tchad,2013,BulgurFarEnt,3127
Tchad,2013,CÃ©rÃ©ales,36551
Tchad,2014,CÃ©rÃ©ales,42874
Tchad,2015,CÃ©rÃ©ales,30028
Tchad,2013,CÃ©rÃ©ales Secondaires,25997
Tchad,2014,CÃ©rÃ©ales Secondaires,40844
Tchad,2015,CÃ©rÃ©ales Secondaires,24870
"Tchad,2015,""Fruits secs, total"",90"
Tchad,2013,Huiles vÃ©gÃ©tales,2568
Tchad,2014,Huiles vÃ©gÃ©tales,1915
Tchad,2015,Huiles vÃ©gÃ©tales,2210
Tchad,2016,Huiles vÃ©gÃ©tales,1216
"Tchad,2013,""Lait, total"",0"
"Tchad,2013,""LÃ©gumineuses SÃ¨ches,Tot."",5842"
"Tchad,2014,""LÃ©gumineuses SÃ¨ches,Tot."",3141"
"Tchad,2015,""LÃ©gumineuses SÃ¨ches,Tot."",4511"
Tchad,2013,MÃ©langes et prÃ©parations,6652
Tchad,2014,MÃ©langes et prÃ©parations,2030
Tchad,2015,MÃ©langes et prÃ©parations,5158
Tchad,2013,Non-cÃ©rÃ©ales,10414
Tchad,2014,Non-cÃ©rÃ©ales,6089
Tchad,2015,Non-cÃ©rÃ©ales,6811
Tchad,2016,Non-cÃ©rÃ©ales,1216
"Tchad,2013,""Riz, total"",775"
"Tchad,2013,""Sucre, total"",299"
"Tchad,2014,""Sucre, total"",260"
Timor-Leste,2013,CÃ©rÃ©ales,22
Timor-Leste,2013,Huiles vÃ©gÃ©tales,36
Timor-Leste,2013,MÃ©langes et prÃ©parations,22
Timor-Leste,2013,Non-cÃ©rÃ©ales,36
Togo,2013,Autres non-cÃ©rÃ©ales,2
Togo,2013,BlÃ© et Farin,10712
Togo,2013,CÃ©rÃ©ales,12400
Togo,2013,Non-cÃ©rÃ©ales,2
"Togo,2013,""Riz, total"",1688"
Vanuatu,2015,BlÃ© et Farin,23
Vanuatu,2015,CÃ©rÃ©ales,331
Vanuatu,2015,Non-cÃ©rÃ©ales,70
Vanuatu,2015,Poiss&produi,70
"Vanuatu,2015,""Riz, total"",308"
YÃ©men,2013,Autres non-cÃ©rÃ©ales,1291
YÃ©men,2014,Autres non-cÃ©rÃ©ales,211
YÃ©men,2015,Autres non-cÃ©rÃ©ales,1198
YÃ©men,2016,Autres non-cÃ©rÃ©ales,5238
YÃ©men,2013,BlÃ© et Farin,116637
YÃ©men,2014,BlÃ© et Farin,22680
YÃ©men,2015,BlÃ© et Farin,117854
YÃ©men,2016,BlÃ© et Farin,179332
YÃ©men,2013,CÃ©rÃ©ales,117155
YÃ©men,2014,CÃ©rÃ©ales,26949
YÃ©men,2015,CÃ©rÃ©ales,151251
YÃ©men,2016,CÃ©rÃ©ales,196027
"YÃ©men,2016,""Fruits secs, total"",247"
YÃ©men,2013,Huiles vÃ©gÃ©tales,4572
YÃ©men,2014,Huiles vÃ©gÃ©tales,8203
YÃ©men,2015,Huiles vÃ©gÃ©tales,8131
YÃ©men,2016,Huiles vÃ©gÃ©tales,9880
"YÃ©men,2013,""LÃ©gumineuses SÃ¨ches,Tot."",9203"
"YÃ©men,2014,""LÃ©gumineuses SÃ¨ches,Tot."",16476"
"YÃ©men,2015,""LÃ©gumineuses SÃ¨ches,Tot."",17724"
"YÃ©men,2016,""LÃ©gumineuses SÃ¨ches,Tot."",18648"
YÃ©men,2013,MÃ©langes et prÃ©parations,68
YÃ©men,2014,MÃ©langes et prÃ©parations,3169
YÃ©men,2015,MÃ©langes et prÃ©parations,31600
YÃ©men,2016,MÃ©langes et prÃ©parations,16695
YÃ©men,2013,Non-cÃ©rÃ©ales,15227
YÃ©men,2014,Non-cÃ©rÃ©ales,24971
YÃ©men,2015,Non-cÃ©rÃ©ales,34902
YÃ©men,2016,Non-cÃ©rÃ©ales,36760
YÃ©men,2015,Poiss&produi,232
YÃ©men,2016,Poiss&produi,72
"YÃ©men,2013,""Riz, total"",450"
"YÃ©men,2014,""Riz, total"",1100"
"YÃ©men,2015,""Riz, total"",1797"
"YÃ©men,2013,""Sucre, total"",161"
"YÃ©men,2014,""Sucre, total"",81"
"YÃ©men,2015,""Sucre, total"",7617"
"YÃ©men,2016,""Sucre, total"",2675"
Zambie,2014,CÃ©rÃ©ales,1349
Zambie,2014,CÃ©rÃ©ales Secondaires,1349
Zambie,2013,Huiles vÃ©gÃ©tales,164
Zambie,2013,Non-cÃ©rÃ©ales,164
Zimbabwe,2013,Autres non-cÃ©rÃ©ales,1
Zimbabwe,2013,CÃ©rÃ©ales,5604
Zimbabwe,2014,CÃ©rÃ©ales,10990
Zimbabwe,2015,CÃ©rÃ©ales,7053
Zimbabwe,2013,CÃ©rÃ©ales Secondaires,5330
Zimbabwe,2014,CÃ©rÃ©ales Secondaires,5866
Zimbabwe,2015,CÃ©rÃ©ales Secondaires,6957
Zimbabwe,2013,Huiles vÃ©gÃ©tales,871
Zimbabwe,2014,Huiles vÃ©gÃ©tales,1514
Zimbabwe,2015,Huiles vÃ©gÃ©tales,306
"Zimbabwe,2013,""LÃ©gumineuses SÃ¨ches,Tot."",4150"
"Zimbabwe,2014,""LÃ©gumineuses SÃ¨ches,Tot."",796"
Zimbabwe,2013,MÃ©langes et prÃ©parations,210
Zimbabwe,2014,MÃ©langes et prÃ©parations,5124
Zimbabwe,2015,MÃ©langes et prÃ©parations,96
Zimbabwe,2013,Non-cÃ©rÃ©ales,5022
Zimbabwe,2014,Non-cÃ©rÃ©ales,2310
Zimbabwe,2015,Non-cÃ©rÃ©ales,306
"Zimbabwe,2013,""Riz, total"",64"
